customer_id,recency,frequency,monetary,cluster,segment
1,5,13,92587.31,2,Casual - عملاء عاديين
2,112,9,56041.85,1,At Risk - عملاء مش نشطين من فترة
3,128,9,69570.12,1,At Risk - عملاء مش نشطين من فترة
4,13,16,129204.47,2,Casual - عملاء عاديين
5,54,16,99978.91,2,Casual - عملاء عاديين
6,13,15,66183.36,2,Casual - عملاء عاديين
7,12,16,161494.06,0,VIP - عملاء بيإنفقوا كتير ونشطين
8,5,16,75457.2,2,Casual - عملاء عاديين
9,20,14,115464.9,2,Casual - عملاء عاديين
10,74,15,115892.83,2,Casual - عملاء عاديين
11,20,8,116205.77,2,Casual - عملاء عاديين
12,1,17,142808.29,0,VIP - عملاء بيإنفقوا كتير ونشطين
13,23,18,281978.76,0,VIP - عملاء بيإنفقوا كتير ونشطين
14,61,13,69971.38,2,Casual - عملاء عاديين
15,16,14,152426.67,2,Casual - عملاء عاديين
16,20,12,101019.94,2,Casual - عملاء عاديين
17,108,13,191845.85,1,At Risk - عملاء مش نشطين من فترة
18,83,16,233266.27,0,VIP - عملاء بيإنفقوا كتير ونشطين
19,22,16,96362.91,2,Casual - عملاء عاديين
20,174,11,83309.76,1,At Risk - عملاء مش نشطين من فترة
21,75,11,77528.45,2,Casual - عملاء عاديين
22,35,8,100815.42,2,Casual - عملاء عاديين
23,32,11,45538.21,2,Casual - عملاء عاديين
24,22,11,114355.92,2,Casual - عملاء عاديين
25,21,12,149468.24,2,Casual - عملاء عاديين
26,14,14,64814.79,2,Casual - عملاء عاديين
27,14,17,105808.27,2,Casual - عملاء عاديين
28,67,23,309278.08999999997,0,VIP - عملاء بيإنفقوا كتير ونشطين
29,4,13,121952.64,2,Casual - عملاء عاديين
30,79,10,148361.15,2,Casual - عملاء عاديين
31,22,17,153671.89,0,VIP - عملاء بيإنفقوا كتير ونشطين
32,14,12,91899.31,2,Casual - عملاء عاديين
33,71,7,66271.20999999999,2,Casual - عملاء عاديين
34,26,16,137014.01,2,Casual - عملاء عاديين
35,170,11,109115.75,1,At Risk - عملاء مش نشطين من فترة
36,122,13,128199.64,1,At Risk - عملاء مش نشطين من فترة
37,34,11,201117.92,2,Casual - عملاء عاديين
38,13,13,142885.42,2,Casual - عملاء عاديين
39,4,10,128660.74,2,Casual - عملاء عاديين
40,10,12,70058.06,2,Casual - عملاء عاديين
41,9,13,170068.28999999998,2,Casual - عملاء عاديين
42,76,15,132414.58,2,Casual - عملاء عاديين
43,5,15,200432.8,0,VIP - عملاء بيإنفقوا كتير ونشطين
44,132,6,56264.12,1,At Risk - عملاء مش نشطين من فترة
45,69,14,115819.36,2,Casual - عملاء عاديين
46,26,19,97217.06,2,Casual - عملاء عاديين
47,1,13,177058.97999999998,2,Casual - عملاء عاديين
48,7,17,192957.68,0,VIP - عملاء بيإنفقوا كتير ونشطين
49,100,17,163052.54,0,VIP - عملاء بيإنفقوا كتير ونشطين
50,49,19,151344.04,0,VIP - عملاء بيإنفقوا كتير ونشطين
51,162,9,103837.72,1,At Risk - عملاء مش نشطين من فترة
52,32,23,239140.0,0,VIP - عملاء بيإنفقوا كتير ونشطين
53,5,14,121585.76999999999,2,Casual - عملاء عاديين
54,146,13,191163.6,1,At Risk - عملاء مش نشطين من فترة
55,52,22,229676.26,0,VIP - عملاء بيإنفقوا كتير ونشطين
56,54,9,41961.44,2,Casual - عملاء عاديين
57,88,16,156069.87,0,VIP - عملاء بيإنفقوا كتير ونشطين
58,62,14,119377.37,2,Casual - عملاء عاديين
59,23,18,272232.08999999997,0,VIP - عملاء بيإنفقوا كتير ونشطين
60,42,10,79082.87,2,Casual - عملاء عاديين
61,26,20,146109.28,0,VIP - عملاء بيإنفقوا كتير ونشطين
62,174,9,90642.24,1,At Risk - عملاء مش نشطين من فترة
63,48,17,154714.29,0,VIP - عملاء بيإنفقوا كتير ونشطين
64,55,18,243937.16,0,VIP - عملاء بيإنفقوا كتير ونشطين
65,23,10,96171.98,2,Casual - عملاء عاديين
66,61,10,98963.23,2,Casual - عملاء عاديين
67,3,16,175125.42,0,VIP - عملاء بيإنفقوا كتير ونشطين
68,73,19,220324.88999999998,0,VIP - عملاء بيإنفقوا كتير ونشطين
69,54,9,47466.68,2,Casual - عملاء عاديين
70,84,7,12908.1,1,At Risk - عملاء مش نشطين من فترة
71,6,8,154745.27,2,Casual - عملاء عاديين
72,34,8,88845.56,2,Casual - عملاء عاديين
73,34,21,276022.16,0,VIP - عملاء بيإنفقوا كتير ونشطين
74,49,13,138523.66999999998,2,Casual - عملاء عاديين
75,78,7,96226.13,2,Casual - عملاء عاديين
76,18,10,119179.03,2,Casual - عملاء عاديين
77,172,13,107447.4,1,At Risk - عملاء مش نشطين من فترة
78,1,19,240427.73,0,VIP - عملاء بيإنفقوا كتير ونشطين
79,49,14,127606.33,2,Casual - عملاء عاديين
80,29,15,164390.3,2,Casual - عملاء عاديين
81,6,15,138020.99,2,Casual - عملاء عاديين
82,45,12,57071.1,2,Casual - عملاء عاديين
83,177,10,77025.13,1,At Risk - عملاء مش نشطين من فترة
84,80,15,175339.02,0,VIP - عملاء بيإنفقوا كتير ونشطين
85,174,10,100911.14,1,At Risk - عملاء مش نشطين من فترة
86,30,9,39602.39,2,Casual - عملاء عاديين
87,9,16,184617.69,0,VIP - عملاء بيإنفقوا كتير ونشطين
88,3,18,133884.8,0,VIP - عملاء بيإنفقوا كتير ونشطين
89,14,17,175907.67,0,VIP - عملاء بيإنفقوا كتير ونشطين
90,49,10,145952.28,2,Casual - عملاء عاديين
91,61,21,98742.88,0,VIP - عملاء بيإنفقوا كتير ونشطين
92,11,12,65678.08,2,Casual - عملاء عاديين
93,49,13,127000.91,2,Casual - عملاء عاديين
94,82,11,107427.26,2,Casual - عملاء عاديين
95,31,12,73516.78,2,Casual - عملاء عاديين
96,89,14,154554.45,2,Casual - عملاء عاديين
97,20,11,99192.87000000001,2,Casual - عملاء عاديين
98,201,9,123845.7,1,At Risk - عملاء مش نشطين من فترة
99,61,11,167851.66999999998,2,Casual - عملاء عاديين
100,88,17,193622.47,0,VIP - عملاء بيإنفقوا كتير ونشطين
101,12,15,146252.55000000002,2,Casual - عملاء عاديين
102,5,15,160887.87,2,Casual - عملاء عاديين
103,105,18,176425.25,0,VIP - عملاء بيإنفقوا كتير ونشطين
104,46,16,292609.42,0,VIP - عملاء بيإنفقوا كتير ونشطين
105,45,17,195947.37,0,VIP - عملاء بيإنفقوا كتير ونشطين
106,60,25,381008.02,0,VIP - عملاء بيإنفقوا كتير ونشطين
107,49,15,123024.33,2,Casual - عملاء عاديين
108,9,11,142589.45,2,Casual - عملاء عاديين
109,173,8,144133.16,1,At Risk - عملاء مش نشطين من فترة
110,29,12,53989.12,2,Casual - عملاء عاديين
111,27,16,165021.99,0,VIP - عملاء بيإنفقوا كتير ونشطين
112,57,18,255487.18,0,VIP - عملاء بيإنفقوا كتير ونشطين
113,58,13,91971.74,2,Casual - عملاء عاديين
114,23,10,91420.11,2,Casual - عملاء عاديين
115,41,16,190956.18,0,VIP - عملاء بيإنفقوا كتير ونشطين
116,48,11,171951.68,2,Casual - عملاء عاديين
117,154,14,85639.95999999999,1,At Risk - عملاء مش نشطين من فترة
118,42,17,140712.83000000002,0,VIP - عملاء بيإنفقوا كتير ونشطين
119,31,17,220857.53,0,VIP - عملاء بيإنفقوا كتير ونشطين
120,7,16,113541.39,2,Casual - عملاء عاديين
121,141,7,65417.380000000005,1,At Risk - عملاء مش نشطين من فترة
122,24,17,147156.9,0,VIP - عملاء بيإنفقوا كتير ونشطين
123,174,10,83091.97,1,At Risk - عملاء مش نشطين من فترة
124,21,16,170573.8,0,VIP - عملاء بيإنفقوا كتير ونشطين
125,17,20,235169.43,0,VIP - عملاء بيإنفقوا كتير ونشطين
126,25,10,58543.16,2,Casual - عملاء عاديين
127,47,12,82137.64,2,Casual - عملاء عاديين
128,153,14,118240.44,1,At Risk - عملاء مش نشطين من فترة
129,68,17,229142.50999999998,0,VIP - عملاء بيإنفقوا كتير ونشطين
130,46,9,130421.61,2,Casual - عملاء عاديين
131,205,11,62100.43,1,At Risk - عملاء مش نشطين من فترة
132,73,14,88573.72,2,Casual - عملاء عاديين
133,153,10,103064.6,1,At Risk - عملاء مش نشطين من فترة
134,83,15,105556.63,2,Casual - عملاء عاديين
135,43,15,208179.48,0,VIP - عملاء بيإنفقوا كتير ونشطين
136,94,11,76480.01,1,At Risk - عملاء مش نشطين من فترة
137,64,12,113322.24,2,Casual - عملاء عاديين
138,112,11,276137.47,0,VIP - عملاء بيإنفقوا كتير ونشطين
139,5,10,86864.41,2,Casual - عملاء عاديين
140,116,15,193409.13,1,At Risk - عملاء مش نشطين من فترة
141,172,17,171069.34,1,At Risk - عملاء مش نشطين من فترة
142,5,15,110658.15,2,Casual - عملاء عاديين
143,14,15,227660.57,0,VIP - عملاء بيإنفقوا كتير ونشطين
144,176,9,55601.52,1,At Risk - عملاء مش نشطين من فترة
145,34,17,153950.34,0,VIP - عملاء بيإنفقوا كتير ونشطين
146,23,21,255562.06,0,VIP - عملاء بيإنفقوا كتير ونشطين
147,39,11,176632.53,2,Casual - عملاء عاديين
148,82,15,99793.51,2,Casual - عملاء عاديين
149,36,17,163640.16,0,VIP - عملاء بيإنفقوا كتير ونشطين
150,7,13,105416.53,2,Casual - عملاء عاديين
151,70,17,166667.41,0,VIP - عملاء بيإنفقوا كتير ونشطين
152,130,13,94028.67,1,At Risk - عملاء مش نشطين من فترة
153,78,12,105079.08,2,Casual - عملاء عاديين
154,150,18,281784.61,0,VIP - عملاء بيإنفقوا كتير ونشطين
155,172,14,205822.44,1,At Risk - عملاء مش نشطين من فترة
156,197,10,89353.78,1,At Risk - عملاء مش نشطين من فترة
157,10,24,262956.02,0,VIP - عملاء بيإنفقوا كتير ونشطين
158,65,15,76662.96,2,Casual - عملاء عاديين
159,50,8,114026.48,2,Casual - عملاء عاديين
160,153,11,80818.99,1,At Risk - عملاء مش نشطين من فترة
161,4,8,122482.04000000001,2,Casual - عملاء عاديين
162,11,5,81405.73,2,Casual - عملاء عاديين
163,2,22,226681.8,0,VIP - عملاء بيإنفقوا كتير ونشطين
164,3,16,178929.55,0,VIP - عملاء بيإنفقوا كتير ونشطين
165,43,15,286709.13,0,VIP - عملاء بيإنفقوا كتير ونشطين
166,88,15,96958.34,2,Casual - عملاء عاديين
167,120,14,172769.87,1,At Risk - عملاء مش نشطين من فترة
168,126,6,17683.29,1,At Risk - عملاء مش نشطين من فترة
169,6,18,152442.42,0,VIP - عملاء بيإنفقوا كتير ونشطين
170,9,17,119546.98999999999,2,Casual - عملاء عاديين
171,15,17,183199.02000000002,0,VIP - عملاء بيإنفقوا كتير ونشطين
172,29,11,94481.66,2,Casual - عملاء عاديين
173,174,9,57711.28,1,At Risk - عملاء مش نشطين من فترة
174,34,17,124844.61,2,Casual - عملاء عاديين
175,79,13,185774.56,2,Casual - عملاء عاديين
176,57,17,221387.44,0,VIP - عملاء بيإنفقوا كتير ونشطين
177,44,12,226454.86000000002,0,VIP - عملاء بيإنفقوا كتير ونشطين
178,9,9,119779.79,2,Casual - عملاء عاديين
179,58,15,112059.95999999999,2,Casual - عملاء عاديين
180,20,15,143654.17,2,Casual - عملاء عاديين
181,189,6,77034.87,1,At Risk - عملاء مش نشطين من فترة
182,37,22,223123.32,0,VIP - عملاء بيإنفقوا كتير ونشطين
183,19,15,176805.57,0,VIP - عملاء بيإنفقوا كتير ونشطين
184,6,21,138624.74,0,VIP - عملاء بيإنفقوا كتير ونشطين
185,5,10,112195.0,2,Casual - عملاء عاديين
186,21,22,296864.35,0,VIP - عملاء بيإنفقوا كتير ونشطين
187,5,15,162181.62,2,Casual - عملاء عاديين
188,23,15,171160.12,0,VIP - عملاء بيإنفقوا كتير ونشطين
189,34,22,235907.03,0,VIP - عملاء بيإنفقوا كتير ونشطين
190,57,14,150771.12,2,Casual - عملاء عاديين
191,163,10,59811.64,1,At Risk - عملاء مش نشطين من فترة
192,19,11,152371.45,2,Casual - عملاء عاديين
193,8,11,76523.09,2,Casual - عملاء عاديين
194,16,21,139367.6,0,VIP - عملاء بيإنفقوا كتير ونشطين
195,36,13,277387.08999999997,0,VIP - عملاء بيإنفقوا كتير ونشطين
196,18,14,146287.61000000002,2,Casual - عملاء عاديين
197,77,17,223100.9,0,VIP - عملاء بيإنفقوا كتير ونشطين
198,36,19,179942.94,0,VIP - عملاء بيإنفقوا كتير ونشطين
199,67,16,149470.41999999998,0,VIP - عملاء بيإنفقوا كتير ونشطين
200,6,7,64402.38,2,Casual - عملاء عاديين
201,15,15,117868.06,2,Casual - عملاء عاديين
202,132,9,123509.87,1,At Risk - عملاء مش نشطين من فترة
203,17,13,97122.17,2,Casual - عملاء عاديين
204,62,8,42942.78,2,Casual - عملاء عاديين
205,74,20,227066.42,0,VIP - عملاء بيإنفقوا كتير ونشطين
206,70,19,128177.83,0,VIP - عملاء بيإنفقوا كتير ونشطين
207,4,13,140769.80000000002,2,Casual - عملاء عاديين
208,34,20,190930.48,0,VIP - عملاء بيإنفقوا كتير ونشطين
209,19,15,145288.22999999998,2,Casual - عملاء عاديين
210,38,14,159739.76,2,Casual - عملاء عاديين
211,58,17,183332.97,0,VIP - عملاء بيإنفقوا كتير ونشطين
212,29,22,216017.14,0,VIP - عملاء بيإنفقوا كتير ونشطين
213,45,17,209140.8,0,VIP - عملاء بيإنفقوا كتير ونشطين
214,42,16,116775.97,2,Casual - عملاء عاديين
215,3,13,97917.34,2,Casual - عملاء عاديين
216,4,8,45095.85,2,Casual - عملاء عاديين
217,20,11,74830.25,2,Casual - عملاء عاديين
218,105,19,149997.21,0,VIP - عملاء بيإنفقوا كتير ونشطين
219,72,12,118314.1,2,Casual - عملاء عاديين
220,49,13,125933.94,2,Casual - عملاء عاديين
221,19,14,140036.38999999998,2,Casual - عملاء عاديين
222,10,14,147504.26,2,Casual - عملاء عاديين
223,208,11,167243.96,1,At Risk - عملاء مش نشطين من فترة
224,47,15,190117.24,0,VIP - عملاء بيإنفقوا كتير ونشطين
225,8,21,133411.49,0,VIP - عملاء بيإنفقوا كتير ونشطين
226,170,9,183847.31,1,At Risk - عملاء مش نشطين من فترة
227,105,12,99196.81,1,At Risk - عملاء مش نشطين من فترة
228,170,11,140643.59,1,At Risk - عملاء مش نشطين من فترة
229,48,18,207712.32,0,VIP - عملاء بيإنفقوا كتير ونشطين
230,22,19,257955.53,0,VIP - عملاء بيإنفقوا كتير ونشطين
231,7,16,114881.23,2,Casual - عملاء عاديين
232,79,10,117985.84,2,Casual - عملاء عاديين
233,22,11,196897.03,2,Casual - عملاء عاديين
234,15,22,220184.73,0,VIP - عملاء بيإنفقوا كتير ونشطين
235,11,22,219834.52,0,VIP - عملاء بيإنفقوا كتير ونشطين
236,31,14,86797.09,2,Casual - عملاء عاديين
237,176,6,55566.36,1,At Risk - عملاء مش نشطين من فترة
238,3,17,77293.57,2,Casual - عملاء عاديين
239,27,15,147115.82,2,Casual - عملاء عاديين
240,8,16,217298.3,0,VIP - عملاء بيإنفقوا كتير ونشطين
241,104,13,155050.98,1,At Risk - عملاء مش نشطين من فترة
242,12,16,122049.69,2,Casual - عملاء عاديين
243,73,12,95478.6,2,Casual - عملاء عاديين
244,74,6,54686.05,2,Casual - عملاء عاديين
245,11,9,95785.08,2,Casual - عملاء عاديين
246,31,12,90316.36,2,Casual - عملاء عاديين
247,35,13,139036.95,2,Casual - عملاء عاديين
248,70,6,86433.52,2,Casual - عملاء عاديين
249,6,17,246135.58000000002,0,VIP - عملاء بيإنفقوا كتير ونشطين
250,105,17,175463.44,0,VIP - عملاء بيإنفقوا كتير ونشطين
251,62,13,94661.55,2,Casual - عملاء عاديين
252,26,18,272443.8,0,VIP - عملاء بيإنفقوا كتير ونشطين
253,96,13,124526.36,1,At Risk - عملاء مش نشطين من فترة
254,114,17,189592.64,0,VIP - عملاء بيإنفقوا كتير ونشطين
255,20,12,136775.17,2,Casual - عملاء عاديين
256,1,18,196483.07,0,VIP - عملاء بيإنفقوا كتير ونشطين
257,3,20,294283.38,0,VIP - عملاء بيإنفقوا كتير ونشطين
258,23,12,106317.5,2,Casual - عملاء عاديين
259,43,17,134505.84,2,Casual - عملاء عاديين
260,7,19,158750.81,0,VIP - عملاء بيإنفقوا كتير ونشطين
261,82,11,74530.15,2,Casual - عملاء عاديين
262,18,15,318525.08999999997,0,VIP - عملاء بيإنفقوا كتير ونشطين
263,187,13,73213.05,1,At Risk - عملاء مش نشطين من فترة
264,54,19,165815.68,0,VIP - عملاء بيإنفقوا كتير ونشطين
265,30,13,171305.5,2,Casual - عملاء عاديين
266,34,12,174318.26,2,Casual - عملاء عاديين
267,105,12,100309.89,1,At Risk - عملاء مش نشطين من فترة
268,20,21,143681.59,0,VIP - عملاء بيإنفقوا كتير ونشطين
269,14,16,225354.22,0,VIP - عملاء بيإنفقوا كتير ونشطين
270,61,13,209696.38,0,VIP - عملاء بيإنفقوا كتير ونشطين
271,6,10,65958.14,2,Casual - عملاء عاديين
272,111,20,272452.91,0,VIP - عملاء بيإنفقوا كتير ونشطين
273,56,21,223658.4,0,VIP - عملاء بيإنفقوا كتير ونشطين
274,33,13,68184.22,2,Casual - عملاء عاديين
275,97,19,216229.52,0,VIP - عملاء بيإنفقوا كتير ونشطين
276,85,15,197780.33,0,VIP - عملاء بيإنفقوا كتير ونشطين
277,45,16,238694.63,0,VIP - عملاء بيإنفقوا كتير ونشطين
278,59,11,74798.95,2,Casual - عملاء عاديين
279,29,18,181519.09,0,VIP - عملاء بيإنفقوا كتير ونشطين
280,49,8,89633.43,2,Casual - عملاء عاديين
281,5,14,162152.4,2,Casual - عملاء عاديين
282,110,15,110772.16,1,At Risk - عملاء مش نشطين من فترة
283,180,11,91423.28,1,At Risk - عملاء مش نشطين من فترة
284,15,19,222762.56,0,VIP - عملاء بيإنفقوا كتير ونشطين
285,48,12,206635.05,2,Casual - عملاء عاديين
286,184,15,166608.41,1,At Risk - عملاء مش نشطين من فترة
287,127,15,100248.27,1,At Risk - عملاء مش نشطين من فترة
288,34,19,282696.72,0,VIP - عملاء بيإنفقوا كتير ونشطين
289,85,17,171272.54,0,VIP - عملاء بيإنفقوا كتير ونشطين
290,27,10,91324.8,2,Casual - عملاء عاديين
291,16,10,66422.59,2,Casual - عملاء عاديين
292,46,18,144307.73,0,VIP - عملاء بيإنفقوا كتير ونشطين
293,103,19,153444.36,0,VIP - عملاء بيإنفقوا كتير ونشطين
294,68,15,143912.51,2,Casual - عملاء عاديين
295,61,19,175206.11,0,VIP - عملاء بيإنفقوا كتير ونشطين
296,67,20,170272.11000000002,0,VIP - عملاء بيإنفقوا كتير ونشطين
297,10,14,151490.29,2,Casual - عملاء عاديين
298,8,9,59786.69,2,Casual - عملاء عاديين
299,5,16,309293.54000000004,0,VIP - عملاء بيإنفقوا كتير ونشطين
300,31,10,100470.23,2,Casual - عملاء عاديين
301,3,22,209921.33,0,VIP - عملاء بيإنفقوا كتير ونشطين
302,26,15,67910.11,2,Casual - عملاء عاديين
303,32,15,199405.04,0,VIP - عملاء بيإنفقوا كتير ونشطين
304,46,17,124009.55,2,Casual - عملاء عاديين
305,42,17,143710.06,0,VIP - عملاء بيإنفقوا كتير ونشطين
306,34,10,167510.54,2,Casual - عملاء عاديين
307,131,8,32260.35,1,At Risk - عملاء مش نشطين من فترة
308,121,12,110142.0,1,At Risk - عملاء مش نشطين من فترة
309,138,10,172895.58,1,At Risk - عملاء مش نشطين من فترة
310,46,9,221713.02,2,Casual - عملاء عاديين
311,4,15,227079.13,0,VIP - عملاء بيإنفقوا كتير ونشطين
312,60,13,124465.69,2,Casual - عملاء عاديين
313,71,15,178114.58000000002,0,VIP - عملاء بيإنفقوا كتير ونشطين
314,22,21,260334.84,0,VIP - عملاء بيإنفقوا كتير ونشطين
315,174,11,89405.78,1,At Risk - عملاء مش نشطين من فترة
316,116,11,65590.23,1,At Risk - عملاء مش نشطين من فترة
317,163,9,99016.09,1,At Risk - عملاء مش نشطين من فترة
318,4,18,189063.27000000002,0,VIP - عملاء بيإنفقوا كتير ونشطين
319,2,12,147716.17,2,Casual - عملاء عاديين
320,39,11,45481.81,2,Casual - عملاء عاديين
321,15,16,214540.99,0,VIP - عملاء بيإنفقوا كتير ونشطين
322,86,19,314889.9,0,VIP - عملاء بيإنفقوا كتير ونشطين
323,54,11,173085.18,2,Casual - عملاء عاديين
324,87,20,265489.85,0,VIP - عملاء بيإنفقوا كتير ونشطين
325,137,8,99825.64,1,At Risk - عملاء مش نشطين من فترة
326,174,11,120215.43,1,At Risk - عملاء مش نشطين من فترة
327,189,17,141564.36000000002,1,At Risk - عملاء مش نشطين من فترة
328,12,17,230548.78,0,VIP - عملاء بيإنفقوا كتير ونشطين
329,62,19,161905.53,0,VIP - عملاء بيإنفقوا كتير ونشطين
330,50,10,101116.45999999999,2,Casual - عملاء عاديين
331,12,11,76045.43000000001,2,Casual - عملاء عاديين
332,10,21,153200.39,0,VIP - عملاء بيإنفقوا كتير ونشطين
333,14,19,217108.68,0,VIP - عملاء بيإنفقوا كتير ونشطين
334,141,11,116548.26000000001,1,At Risk - عملاء مش نشطين من فترة
335,41,13,64281.130000000005,2,Casual - عملاء عاديين
336,12,11,72522.34,2,Casual - عملاء عاديين
337,6,20,165030.12,0,VIP - عملاء بيإنفقوا كتير ونشطين
338,35,16,309708.17,0,VIP - عملاء بيإنفقوا كتير ونشطين
339,68,15,202874.03,0,VIP - عملاء بيإنفقوا كتير ونشطين
340,23,13,118529.22,2,Casual - عملاء عاديين
341,67,14,224926.18,0,VIP - عملاء بيإنفقوا كتير ونشطين
342,17,11,123898.17,2,Casual - عملاء عاديين
343,12,16,208968.44999999998,0,VIP - عملاء بيإنفقوا كتير ونشطين
344,67,17,156715.82,0,VIP - عملاء بيإنفقوا كتير ونشطين
345,3,12,114633.13,2,Casual - عملاء عاديين
346,11,17,163449.71,0,VIP - عملاء بيإنفقوا كتير ونشطين
347,65,10,165282.48,2,Casual - عملاء عاديين
348,105,14,84519.12,1,At Risk - عملاء مش نشطين من فترة
349,61,15,130420.62,2,Casual - عملاء عاديين
350,12,13,154397.46,2,Casual - عملاء عاديين
351,23,14,194698.91,0,VIP - عملاء بيإنفقوا كتير ونشطين
352,96,10,109520.26999999999,1,At Risk - عملاء مش نشطين من فترة
353,47,15,106750.74,2,Casual - عملاء عاديين
354,29,20,250986.80000000002,0,VIP - عملاء بيإنفقوا كتير ونشطين
355,5,9,114292.05,2,Casual - عملاء عاديين
356,88,18,348676.0,0,VIP - عملاء بيإنفقوا كتير ونشطين
357,124,12,161903.51,1,At Risk - عملاء مش نشطين من فترة
358,39,24,277522.63,0,VIP - عملاء بيإنفقوا كتير ونشطين
359,105,16,193729.57,0,VIP - عملاء بيإنفقوا كتير ونشطين
360,40,11,43366.14,2,Casual - عملاء عاديين
361,109,16,186969.12,0,VIP - عملاء بيإنفقوا كتير ونشطين
362,97,20,239294.31,0,VIP - عملاء بيإنفقوا كتير ونشطين
363,30,15,144779.22,2,Casual - عملاء عاديين
364,9,17,239139.78,0,VIP - عملاء بيإنفقوا كتير ونشطين
365,2,13,160962.37,2,Casual - عملاء عاديين
366,85,14,101807.84,2,Casual - عملاء عاديين
367,21,14,172604.31,2,Casual - عملاء عاديين
368,50,18,214780.36,0,VIP - عملاء بيإنفقوا كتير ونشطين
369,80,7,97537.14,1,At Risk - عملاء مش نشطين من فترة
370,41,11,126402.40000000001,2,Casual - عملاء عاديين
371,89,17,195087.8,0,VIP - عملاء بيإنفقوا كتير ونشطين
372,21,11,88436.69,2,Casual - عملاء عاديين
373,70,14,169047.16999999998,2,Casual - عملاء عاديين
374,42,10,94784.87000000001,2,Casual - عملاء عاديين
375,1,20,261236.69,0,VIP - عملاء بيإنفقوا كتير ونشطين
376,174,17,147805.08,1,At Risk - عملاء مش نشطين من فترة
377,54,14,181645.25,0,VIP - عملاء بيإنفقوا كتير ونشطين
378,105,13,172402.87,1,At Risk - عملاء مش نشطين من فترة
379,44,16,116588.26,2,Casual - عملاء عاديين
380,173,11,200247.12,1,At Risk - عملاء مش نشطين من فترة
381,76,12,106974.3,2,Casual - عملاء عاديين
382,55,8,79012.88,2,Casual - عملاء عاديين
383,10,12,85646.14,2,Casual - عملاء عاديين
384,2,15,235333.88,0,VIP - عملاء بيإنفقوا كتير ونشطين
385,28,10,165615.83,2,Casual - عملاء عاديين
386,26,16,102659.81,2,Casual - عملاء عاديين
387,7,9,166493.30000000002,2,Casual - عملاء عاديين
388,40,18,204251.19,0,VIP - عملاء بيإنفقوا كتير ونشطين
389,36,15,123677.77,2,Casual - عملاء عاديين
390,18,18,173297.08,0,VIP - عملاء بيإنفقوا كتير ونشطين
391,13,10,79223.91,2,Casual - عملاء عاديين
392,34,17,143891.38,0,VIP - عملاء بيإنفقوا كتير ونشطين
393,74,13,54411.84,2,Casual - عملاء عاديين
394,34,12,164953.29,2,Casual - عملاء عاديين
395,39,7,39420.68,2,Casual - عملاء عاديين
396,138,14,133071.03999999998,1,At Risk - عملاء مش نشطين من فترة
397,7,8,120812.06,2,Casual - عملاء عاديين
398,39,14,139299.73,2,Casual - عملاء عاديين
399,57,18,145794.73,0,VIP - عملاء بيإنفقوا كتير ونشطين
400,141,16,134062.68,1,At Risk - عملاء مش نشطين من فترة
401,13,20,147695.6,0,VIP - عملاء بيإنفقوا كتير ونشطين
402,96,11,157342.41,1,At Risk - عملاء مش نشطين من فترة
403,30,15,177080.9,0,VIP - عملاء بيإنفقوا كتير ونشطين
404,54,12,88576.52,2,Casual - عملاء عاديين
405,20,22,202361.2,0,VIP - عملاء بيإنفقوا كتير ونشطين
406,68,16,178036.04,0,VIP - عملاء بيإنفقوا كتير ونشطين
407,27,18,275929.6,0,VIP - عملاء بيإنفقوا كتير ونشطين
408,6,13,144785.96,2,Casual - عملاء عاديين
409,61,14,236321.34000000003,0,VIP - عملاء بيإنفقوا كتير ونشطين
410,34,16,186221.22,0,VIP - عملاء بيإنفقوا كتير ونشطين
411,49,12,145227.79,2,Casual - عملاء عاديين
412,3,11,153523.24,2,Casual - عملاء عاديين
413,59,16,216802.93,0,VIP - عملاء بيإنفقوا كتير ونشطين
414,146,17,197424.17,1,At Risk - عملاء مش نشطين من فترة
415,55,13,183604.58,2,Casual - عملاء عاديين
416,25,11,147236.96,2,Casual - عملاء عاديين
417,4,12,164889.88,2,Casual - عملاء عاديين
418,16,13,170543.62,2,Casual - عملاء عاديين
419,161,14,203949.52,1,At Risk - عملاء مش نشطين من فترة
420,34,22,249501.87,0,VIP - عملاء بيإنفقوا كتير ونشطين
421,94,16,305891.92,0,VIP - عملاء بيإنفقوا كتير ونشطين
422,59,12,197884.63,2,Casual - عملاء عاديين
423,80,12,133076.65,2,Casual - عملاء عاديين
424,34,10,124859.09999999999,2,Casual - عملاء عاديين
425,18,18,142464.33000000002,0,VIP - عملاء بيإنفقوا كتير ونشطين
426,137,10,126116.63,1,At Risk - عملاء مش نشطين من فترة
427,35,10,96773.42,2,Casual - عملاء عاديين
428,1,11,131565.98,2,Casual - عملاء عاديين
429,12,11,98475.65,2,Casual - عملاء عاديين
430,73,13,180471.0,2,Casual - عملاء عاديين
431,3,19,138000.16,0,VIP - عملاء بيإنفقوا كتير ونشطين
432,14,15,178113.4,0,VIP - عملاء بيإنفقوا كتير ونشطين
433,326,7,47110.07,1,At Risk - عملاء مش نشطين من فترة
434,4,11,103275.29000000001,2,Casual - عملاء عاديين
435,8,19,241232.27,0,VIP - عملاء بيإنفقوا كتير ونشطين
436,4,18,168656.08000000002,0,VIP - عملاء بيإنفقوا كتير ونشطين
437,36,9,154346.93,2,Casual - عملاء عاديين
438,128,13,151020.28,1,At Risk - عملاء مش نشطين من فترة
439,10,13,108782.59999999999,2,Casual - عملاء عاديين
440,17,20,179709.16999999998,0,VIP - عملاء بيإنفقوا كتير ونشطين
441,50,12,91187.72,2,Casual - عملاء عاديين
442,75,12,114706.94,2,Casual - عملاء عاديين
443,63,13,123907.47,2,Casual - عملاء عاديين
444,24,14,223800.86000000002,0,VIP - عملاء بيإنفقوا كتير ونشطين
445,36,17,225549.19999999998,0,VIP - عملاء بيإنفقوا كتير ونشطين
446,41,14,152334.21,2,Casual - عملاء عاديين
447,6,20,204739.13999999998,0,VIP - عملاء بيإنفقوا كتير ونشطين
448,31,16,130042.97,2,Casual - عملاء عاديين
449,110,14,133649.69,1,At Risk - عملاء مش نشطين من فترة
450,137,11,140005.46,1,At Risk - عملاء مش نشطين من فترة
451,52,14,195896.52,0,VIP - عملاء بيإنفقوا كتير ونشطين
452,56,12,183378.65,2,Casual - عملاء عاديين
453,16,10,150190.93,2,Casual - عملاء عاديين
454,5,14,189139.09,0,VIP - عملاء بيإنفقوا كتير ونشطين
455,25,17,88456.15,2,Casual - عملاء عاديين
456,23,11,108096.23,2,Casual - عملاء عاديين
457,172,14,186595.12,1,At Risk - عملاء مش نشطين من فترة
458,19,17,223305.61,0,VIP - عملاء بيإنفقوا كتير ونشطين
459,14,12,83595.67,2,Casual - عملاء عاديين
460,17,12,129659.7,2,Casual - عملاء عاديين
461,182,12,134593.45,1,At Risk - عملاء مش نشطين من فترة
462,21,17,158609.62,0,VIP - عملاء بيإنفقوا كتير ونشطين
463,105,13,131698.13999999998,1,At Risk - عملاء مش نشطين من فترة
464,34,16,92559.29,2,Casual - عملاء عاديين
465,89,12,165319.97999999998,1,At Risk - عملاء مش نشطين من فترة
466,75,12,143278.99,2,Casual - عملاء عاديين
467,130,12,76408.73,1,At Risk - عملاء مش نشطين من فترة
468,13,27,170515.87,0,VIP - عملاء بيإنفقوا كتير ونشطين
469,9,14,149087.72999999998,2,Casual - عملاء عاديين
470,12,23,158469.07,0,VIP - عملاء بيإنفقوا كتير ونشطين
471,72,12,152838.19,2,Casual - عملاء عاديين
472,105,13,83550.76000000001,1,At Risk - عملاء مش نشطين من فترة
473,15,13,184897.55,2,Casual - عملاء عاديين
474,63,10,87288.64,2,Casual - عملاء عاديين
475,16,15,223981.75,0,VIP - عملاء بيإنفقوا كتير ونشطين
476,99,12,91769.81999999999,1,At Risk - عملاء مش نشطين من فترة
477,2,11,156029.41,2,Casual - عملاء عاديين
478,23,13,164093.35,2,Casual - عملاء عاديين
479,174,13,239541.47,1,At Risk - عملاء مش نشطين من فترة
480,25,11,203588.87,2,Casual - عملاء عاديين
481,158,14,178953.15,1,At Risk - عملاء مش نشطين من فترة
482,40,20,151577.31,0,VIP - عملاء بيإنفقوا كتير ونشطين
483,190,9,110465.02,1,At Risk - عملاء مش نشطين من فترة
484,176,12,167827.3,1,At Risk - عملاء مش نشطين من فترة
485,13,9,82572.43,2,Casual - عملاء عاديين
486,71,17,190919.67,0,VIP - عملاء بيإنفقوا كتير ونشطين
487,60,8,61012.44,2,Casual - عملاء عاديين
488,171,9,52751.71,1,At Risk - عملاء مش نشطين من فترة
489,56,10,80621.78,2,Casual - عملاء عاديين
490,12,12,89423.84,2,Casual - عملاء عاديين
491,67,18,171461.7,0,VIP - عملاء بيإنفقوا كتير ونشطين
492,3,23,185843.98,0,VIP - عملاء بيإنفقوا كتير ونشطين
493,24,21,155944.88999999998,0,VIP - عملاء بيإنفقوا كتير ونشطين
494,61,16,140318.7,2,Casual - عملاء عاديين
495,21,15,127754.09,2,Casual - عملاء عاديين
496,47,11,192282.72,2,Casual - عملاء عاديين
497,11,13,82797.76,2,Casual - عملاء عاديين
498,26,13,173038.05,2,Casual - عملاء عاديين
499,55,12,122253.23,2,Casual - عملاء عاديين
500,176,8,76073.08,1,At Risk - عملاء مش نشطين من فترة
501,5,13,120901.95,2,Casual - عملاء عاديين
502,41,15,79828.56999999999,2,Casual - عملاء عاديين
503,58,16,102278.78,2,Casual - عملاء عاديين
504,53,7,134149.78,2,Casual - عملاء عاديين
505,71,12,84954.53,2,Casual - عملاء عاديين
506,229,15,186342.11,1,At Risk - عملاء مش نشطين من فترة
507,42,20,286760.37,0,VIP - عملاء بيإنفقوا كتير ونشطين
508,152,9,165609.29,1,At Risk - عملاء مش نشطين من فترة
509,98,12,126219.5,1,At Risk - عملاء مش نشطين من فترة
510,13,17,151448.91999999998,0,VIP - عملاء بيإنفقوا كتير ونشطين
511,93,14,111311.03,1,At Risk - عملاء مش نشطين من فترة
512,78,12,166639.08000000002,2,Casual - عملاء عاديين
513,21,17,138038.36,0,VIP - عملاء بيإنفقوا كتير ونشطين
514,7,23,133655.42,0,VIP - عملاء بيإنفقوا كتير ونشطين
515,92,17,280549.73,0,VIP - عملاء بيإنفقوا كتير ونشطين
516,53,18,185232.14,0,VIP - عملاء بيإنفقوا كتير ونشطين
517,20,27,285074.31,0,VIP - عملاء بيإنفقوا كتير ونشطين
518,128,16,154769.74,1,At Risk - عملاء مش نشطين من فترة
519,70,16,163268.82,0,VIP - عملاء بيإنفقوا كتير ونشطين
520,59,12,154510.47,2,Casual - عملاء عاديين
521,93,18,206791.05,0,VIP - عملاء بيإنفقوا كتير ونشطين
522,47,12,84346.59,2,Casual - عملاء عاديين
523,22,11,108772.95999999999,2,Casual - عملاء عاديين
524,192,15,140594.08,1,At Risk - عملاء مش نشطين من فترة
525,33,20,147013.79,0,VIP - عملاء بيإنفقوا كتير ونشطين
526,4,14,153159.93,2,Casual - عملاء عاديين
527,38,18,251054.77,0,VIP - عملاء بيإنفقوا كتير ونشطين
528,16,17,138298.66,0,VIP - عملاء بيإنفقوا كتير ونشطين
529,31,15,93876.5,2,Casual - عملاء عاديين
530,171,5,35157.7,1,At Risk - عملاء مش نشطين من فترة
531,32,11,93716.06,2,Casual - عملاء عاديين
532,5,22,172201.64,0,VIP - عملاء بيإنفقوا كتير ونشطين
533,82,9,78931.51,2,Casual - عملاء عاديين
534,30,14,107432.29000000001,2,Casual - عملاء عاديين
535,40,17,147859.69999999998,0,VIP - عملاء بيإنفقوا كتير ونشطين
536,2,21,266864.12,0,VIP - عملاء بيإنفقوا كتير ونشطين
537,33,15,143089.72,2,Casual - عملاء عاديين
538,29,15,276384.05,0,VIP - عملاء بيإنفقوا كتير ونشطين
539,69,12,201751.89,2,Casual - عملاء عاديين
540,42,18,194121.5,0,VIP - عملاء بيإنفقوا كتير ونشطين
541,6,21,155859.88,0,VIP - عملاء بيإنفقوا كتير ونشطين
542,11,11,113748.48999999999,2,Casual - عملاء عاديين
543,52,15,236828.25,0,VIP - عملاء بيإنفقوا كتير ونشطين
544,3,21,243280.18,0,VIP - عملاء بيإنفقوا كتير ونشطين
545,108,18,151810.0,0,VIP - عملاء بيإنفقوا كتير ونشطين
546,34,20,213521.9,0,VIP - عملاء بيإنفقوا كتير ونشطين
547,41,13,123073.73999999999,2,Casual - عملاء عاديين
548,12,17,198396.74,0,VIP - عملاء بيإنفقوا كتير ونشطين
549,209,7,100555.59,1,At Risk - عملاء مش نشطين من فترة
550,28,13,122834.02,2,Casual - عملاء عاديين
551,3,16,194638.55,0,VIP - عملاء بيإنفقوا كتير ونشطين
552,163,13,145629.07,1,At Risk - عملاء مش نشطين من فترة
553,54,13,131235.54,2,Casual - عملاء عاديين
554,75,19,188742.74,0,VIP - عملاء بيإنفقوا كتير ونشطين
555,25,17,208795.71,0,VIP - عملاء بيإنفقوا كتير ونشطين
556,29,13,101247.79000000001,2,Casual - عملاء عاديين
557,84,13,173996.23,2,Casual - عملاء عاديين
558,64,16,194186.78,0,VIP - عملاء بيإنفقوا كتير ونشطين
559,27,13,159564.37,2,Casual - عملاء عاديين
560,6,16,144518.52,2,Casual - عملاء عاديين
561,31,13,127354.79000000001,2,Casual - عملاء عاديين
562,33,17,195946.53,0,VIP - عملاء بيإنفقوا كتير ونشطين
563,19,13,80026.01,2,Casual - عملاء عاديين
564,12,14,110995.75,2,Casual - عملاء عاديين
565,71,12,83324.63,2,Casual - عملاء عاديين
566,6,9,209762.49,2,Casual - عملاء عاديين
567,5,7,97472.56,2,Casual - عملاء عاديين
568,41,17,249596.6,0,VIP - عملاء بيإنفقوا كتير ونشطين
569,4,17,175191.87,0,VIP - عملاء بيإنفقوا كتير ونشطين
570,137,12,71036.56,1,At Risk - عملاء مش نشطين من فترة
571,101,14,118437.08,1,At Risk - عملاء مش نشطين من فترة
572,43,21,188521.04,0,VIP - عملاء بيإنفقوا كتير ونشطين
573,49,17,253487.45,0,VIP - عملاء بيإنفقوا كتير ونشطين
574,5,19,132943.02,0,VIP - عملاء بيإنفقوا كتير ونشطين
575,9,17,147488.58,0,VIP - عملاء بيإنفقوا كتير ونشطين
576,174,14,88858.39,1,At Risk - عملاء مش نشطين من فترة
577,6,18,244298.37,0,VIP - عملاء بيإنفقوا كتير ونشطين
578,25,22,188889.31,0,VIP - عملاء بيإنفقوا كتير ونشطين
579,5,18,196091.33000000002,0,VIP - عملاء بيإنفقوا كتير ونشطين
580,20,21,282064.7,0,VIP - عملاء بيإنفقوا كتير ونشطين
581,11,16,157851.7,0,VIP - عملاء بيإنفقوا كتير ونشطين
582,9,12,154639.23,2,Casual - عملاء عاديين
583,62,14,146168.74,2,Casual - عملاء عاديين
584,36,17,130498.48,2,Casual - عملاء عاديين
585,70,8,93301.39,2,Casual - عملاء عاديين
586,48,9,86266.79,2,Casual - عملاء عاديين
587,65,17,222290.95,0,VIP - عملاء بيإنفقوا كتير ونشطين
588,2,14,158499.38,2,Casual - عملاء عاديين
589,5,17,77447.07,2,Casual - عملاء عاديين
590,85,11,84318.96,2,Casual - عملاء عاديين
591,6,19,171544.66,0,VIP - عملاء بيإنفقوا كتير ونشطين
592,97,13,148793.29,1,At Risk - عملاء مش نشطين من فترة
593,53,13,129673.43000000001,2,Casual - عملاء عاديين
594,41,20,201622.28,0,VIP - عملاء بيإنفقوا كتير ونشطين
595,166,10,165476.2,1,At Risk - عملاء مش نشطين من فترة
596,24,15,110962.95,2,Casual - عملاء عاديين
597,120,12,77103.39,1,At Risk - عملاء مش نشطين من فترة
598,40,11,112688.14,2,Casual - عملاء عاديين
599,69,10,103055.83,2,Casual - عملاء عاديين
600,14,15,160744.01,2,Casual - عملاء عاديين
601,25,20,241885.58,0,VIP - عملاء بيإنفقوا كتير ونشطين
602,82,17,206590.06,0,VIP - عملاء بيإنفقوا كتير ونشطين
603,36,19,251994.6,0,VIP - عملاء بيإنفقوا كتير ونشطين
604,97,13,161947.82,1,At Risk - عملاء مش نشطين من فترة
605,105,12,170088.01,1,At Risk - عملاء مش نشطين من فترة
606,88,10,97142.83,1,At Risk - عملاء مش نشطين من فترة
607,11,13,206794.04,0,VIP - عملاء بيإنفقوا كتير ونشطين
608,40,19,201582.4,0,VIP - عملاء بيإنفقوا كتير ونشطين
609,5,15,186985.52,0,VIP - عملاء بيإنفقوا كتير ونشطين
610,176,6,87338.63,1,At Risk - عملاء مش نشطين من فترة
611,35,7,84369.2,2,Casual - عملاء عاديين
612,40,15,114176.97,2,Casual - عملاء عاديين
613,33,16,244633.86,0,VIP - عملاء بيإنفقوا كتير ونشطين
614,174,14,164779.06,1,At Risk - عملاء مش نشطين من فترة
615,13,17,211231.11000000002,0,VIP - عملاء بيإنفقوا كتير ونشطين
616,123,12,198860.69,1,At Risk - عملاء مش نشطين من فترة
617,27,9,142159.15,2,Casual - عملاء عاديين
618,87,13,121048.54000000001,2,Casual - عملاء عاديين
619,85,19,196191.46,0,VIP - عملاء بيإنفقوا كتير ونشطين
620,2,17,236497.5,0,VIP - عملاء بيإنفقوا كتير ونشطين
621,80,12,96940.7,2,Casual - عملاء عاديين
622,41,16,234010.04,0,VIP - عملاء بيإنفقوا كتير ونشطين
623,139,9,42451.86,1,At Risk - عملاء مش نشطين من فترة
624,89,13,171429.03,1,At Risk - عملاء مش نشطين من فترة
625,7,10,135295.29,2,Casual - عملاء عاديين
626,78,17,241354.55,0,VIP - عملاء بيإنفقوا كتير ونشطين
627,70,15,160292.38,2,Casual - عملاء عاديين
628,104,10,77833.81999999999,1,At Risk - عملاء مش نشطين من فترة
629,105,14,143244.5,1,At Risk - عملاء مش نشطين من فترة
630,90,15,234361.22,0,VIP - عملاء بيإنفقوا كتير ونشطين
631,125,12,128432.3,1,At Risk - عملاء مش نشطين من فترة
632,39,19,122313.16,0,VIP - عملاء بيإنفقوا كتير ونشطين
633,76,10,120106.16,2,Casual - عملاء عاديين
634,58,15,161920.14,2,Casual - عملاء عاديين
635,47,13,167363.98,2,Casual - عملاء عاديين
636,13,12,94974.1,2,Casual - عملاء عاديين
637,25,12,116492.44,2,Casual - عملاء عاديين
638,30,11,54082.68,2,Casual - عملاء عاديين
639,68,18,170693.17,0,VIP - عملاء بيإنفقوا كتير ونشطين
640,6,6,44099.89,2,Casual - عملاء عاديين
641,34,24,305856.73,0,VIP - عملاء بيإنفقوا كتير ونشطين
642,82,18,234272.29,0,VIP - عملاء بيإنفقوا كتير ونشطين
643,45,14,158553.83,2,Casual - عملاء عاديين
644,4,17,261156.71,0,VIP - عملاء بيإنفقوا كتير ونشطين
645,132,11,109204.28,1,At Risk - عملاء مش نشطين من فترة
646,25,14,134035.21,2,Casual - عملاء عاديين
647,15,17,86136.56999999999,2,Casual - عملاء عاديين
648,55,22,196166.29,0,VIP - عملاء بيإنفقوا كتير ونشطين
649,110,14,175280.45,1,At Risk - عملاء مش نشطين من فترة
650,133,12,51852.65,1,At Risk - عملاء مش نشطين من فترة
651,139,14,100528.0,1,At Risk - عملاء مش نشطين من فترة
652,8,12,117142.91,2,Casual - عملاء عاديين
653,42,18,248106.34,0,VIP - عملاء بيإنفقوا كتير ونشطين
654,10,8,68727.84,2,Casual - عملاء عاديين
655,16,10,138439.25,2,Casual - عملاء عاديين
656,27,14,175159.13,2,Casual - عملاء عاديين
657,23,18,298676.57,0,VIP - عملاء بيإنفقوا كتير ونشطين
658,3,23,205573.02,0,VIP - عملاء بيإنفقوا كتير ونشطين
659,26,15,163278.36,2,Casual - عملاء عاديين
660,15,20,199280.13999999998,0,VIP - عملاء بيإنفقوا كتير ونشطين
661,1,9,118773.94,2,Casual - عملاء عاديين
662,5,12,124656.11,2,Casual - عملاء عاديين
663,341,7,76447.88,1,At Risk - عملاء مش نشطين من فترة
664,6,15,124332.65999999999,2,Casual - عملاء عاديين
665,57,12,152380.22,2,Casual - عملاء عاديين
666,76,10,87933.08,2,Casual - عملاء عاديين
667,189,17,239975.12,1,At Risk - عملاء مش نشطين من فترة
668,6,11,148652.16,2,Casual - عملاء عاديين
669,29,18,200146.78,0,VIP - عملاء بيإنفقوا كتير ونشطين
670,45,13,82281.19,2,Casual - عملاء عاديين
671,43,17,254031.96,0,VIP - عملاء بيإنفقوا كتير ونشطين
672,124,15,174985.05,1,At Risk - عملاء مش نشطين من فترة
673,103,12,135108.81,1,At Risk - عملاء مش نشطين من فترة
674,3,16,204418.07,0,VIP - عملاء بيإنفقوا كتير ونشطين
675,14,17,162316.6,0,VIP - عملاء بيإنفقوا كتير ونشطين
676,195,13,140101.85,1,At Risk - عملاء مش نشطين من فترة
677,29,15,171105.9,0,VIP - عملاء بيإنفقوا كتير ونشطين
678,63,13,220205.68,0,VIP - عملاء بيإنفقوا كتير ونشطين
679,70,15,106039.89,2,Casual - عملاء عاديين
680,40,15,156237.31,2,Casual - عملاء عاديين
681,26,19,171384.22,0,VIP - عملاء بيإنفقوا كتير ونشطين
682,90,10,84810.66,1,At Risk - عملاء مش نشطين من فترة
683,193,14,129667.12,1,At Risk - عملاء مش نشطين من فترة
684,13,16,135116.87,2,Casual - عملاء عاديين
685,19,16,123244.46,2,Casual - عملاء عاديين
686,27,14,179208.5,2,Casual - عملاء عاديين
687,19,10,119726.83,2,Casual - عملاء عاديين
688,176,12,100377.17,1,At Risk - عملاء مش نشطين من فترة
689,13,19,234623.91,0,VIP - عملاء بيإنفقوا كتير ونشطين
690,37,11,129763.5,2,Casual - عملاء عاديين
691,12,14,212732.77,0,VIP - عملاء بيإنفقوا كتير ونشطين
692,1,9,112308.95,2,Casual - عملاء عاديين
693,9,18,159098.75,0,VIP - عملاء بيإنفقوا كتير ونشطين
694,17,10,79462.42,2,Casual - عملاء عاديين
695,92,12,177928.82,1,At Risk - عملاء مش نشطين من فترة
696,84,14,257594.48,0,VIP - عملاء بيإنفقوا كتير ونشطين
697,34,19,236766.03,0,VIP - عملاء بيإنفقوا كتير ونشطين
698,214,11,207101.5,1,At Risk - عملاء مش نشطين من فترة
699,41,10,98163.41,2,Casual - عملاء عاديين
700,22,18,186938.8,0,VIP - عملاء بيإنفقوا كتير ونشطين
701,19,11,98963.91,2,Casual - عملاء عاديين
702,1,12,143627.63,2,Casual - عملاء عاديين
703,95,19,206820.28999999998,0,VIP - عملاء بيإنفقوا كتير ونشطين
704,129,11,90257.93000000001,1,At Risk - عملاء مش نشطين من فترة
705,11,13,90596.69,2,Casual - عملاء عاديين
706,51,9,76057.14,2,Casual - عملاء عاديين
707,32,15,149775.94,2,Casual - عملاء عاديين
708,42,18,228371.97,0,VIP - عملاء بيإنفقوا كتير ونشطين
709,34,17,141375.4,0,VIP - عملاء بيإنفقوا كتير ونشطين
710,37,13,105372.3,2,Casual - عملاء عاديين
711,5,15,70933.25,2,Casual - عملاء عاديين
712,75,13,168106.75,2,Casual - عملاء عاديين
713,52,15,174071.49,0,VIP - عملاء بيإنفقوا كتير ونشطين
714,69,10,106804.53,2,Casual - عملاء عاديين
715,100,17,132538.31,1,At Risk - عملاء مش نشطين من فترة
716,201,18,233401.66,1,At Risk - عملاء مش نشطين من فترة
717,66,12,131528.45,2,Casual - عملاء عاديين
718,77,19,201166.53,0,VIP - عملاء بيإنفقوا كتير ونشطين
719,174,13,269449.75,1,At Risk - عملاء مش نشطين من فترة
720,12,13,112771.73000000001,2,Casual - عملاء عاديين
721,5,20,158844.18,0,VIP - عملاء بيإنفقوا كتير ونشطين
722,116,19,261151.44,0,VIP - عملاء بيإنفقوا كتير ونشطين
723,92,19,162127.34,0,VIP - عملاء بيإنفقوا كتير ونشطين
724,52,13,202313.97,0,VIP - عملاء بيإنفقوا كتير ونشطين
725,3,17,213325.28,0,VIP - عملاء بيإنفقوا كتير ونشطين
726,33,18,207631.24,0,VIP - عملاء بيإنفقوا كتير ونشطين
727,90,16,116213.33,2,Casual - عملاء عاديين
728,73,19,119546.18,0,VIP - عملاء بيإنفقوا كتير ونشطين
729,101,14,88446.14,1,At Risk - عملاء مش نشطين من فترة
730,3,16,123752.2,2,Casual - عملاء عاديين
731,87,13,276341.19,0,VIP - عملاء بيإنفقوا كتير ونشطين
732,26,17,191134.95,0,VIP - عملاء بيإنفقوا كتير ونشطين
733,118,11,91362.98,1,At Risk - عملاء مش نشطين من فترة
734,25,15,253603.63,0,VIP - عملاء بيإنفقوا كتير ونشطين
735,4,13,186389.4,2,Casual - عملاء عاديين
736,37,15,126210.37999999999,2,Casual - عملاء عاديين
737,34,8,111048.19,2,Casual - عملاء عاديين
738,16,22,246188.11,0,VIP - عملاء بيإنفقوا كتير ونشطين
739,139,12,196485.05,1,At Risk - عملاء مش نشطين من فترة
740,47,8,123047.42,2,Casual - عملاء عاديين
741,203,7,123098.83000000002,1,At Risk - عملاء مش نشطين من فترة
742,116,6,34231.32,1,At Risk - عملاء مش نشطين من فترة
743,105,12,87443.04000000001,1,At Risk - عملاء مش نشطين من فترة
744,8,10,92162.7,2,Casual - عملاء عاديين
745,87,12,131863.34999999998,2,Casual - عملاء عاديين
746,23,16,105974.33,2,Casual - عملاء عاديين
747,152,13,106249.44,1,At Risk - عملاء مش نشطين من فترة
748,19,20,194835.82,0,VIP - عملاء بيإنفقوا كتير ونشطين
749,11,23,156621.4,0,VIP - عملاء بيإنفقوا كتير ونشطين
750,5,19,239116.38,0,VIP - عملاء بيإنفقوا كتير ونشطين
751,65,16,153264.17,0,VIP - عملاء بيإنفقوا كتير ونشطين
752,8,11,136646.26,2,Casual - عملاء عاديين
753,2,10,66230.46,2,Casual - عملاء عاديين
754,167,13,98439.94,1,At Risk - عملاء مش نشطين من فترة
755,98,19,225070.21,0,VIP - عملاء بيإنفقوا كتير ونشطين
756,51,18,289893.45999999996,0,VIP - عملاء بيإنفقوا كتير ونشطين
757,61,13,153395.29,2,Casual - عملاء عاديين
758,88,10,98353.11,1,At Risk - عملاء مش نشطين من فترة
759,55,13,171719.22,2,Casual - عملاء عاديين
760,57,13,224242.41,0,VIP - عملاء بيإنفقوا كتير ونشطين
761,56,13,164051.38,2,Casual - عملاء عاديين
762,27,15,112539.68,2,Casual - عملاء عاديين
763,64,11,107222.39,2,Casual - عملاء عاديين
764,1,13,106344.11,2,Casual - عملاء عاديين
765,42,13,157689.32,2,Casual - عملاء عاديين
766,34,17,148334.8,0,VIP - عملاء بيإنفقوا كتير ونشطين
767,16,19,196647.59,0,VIP - عملاء بيإنفقوا كتير ونشطين
768,10,10,171426.49,2,Casual - عملاء عاديين
769,138,13,187539.56999999998,1,At Risk - عملاء مش نشطين من فترة
770,15,12,113302.19,2,Casual - عملاء عاديين
771,138,13,158408.5,1,At Risk - عملاء مش نشطين من فترة
772,20,15,89207.06,2,Casual - عملاء عاديين
773,14,20,269946.43,0,VIP - عملاء بيإنفقوا كتير ونشطين
774,24,15,130467.26,2,Casual - عملاء عاديين
775,43,11,98014.9,2,Casual - عملاء عاديين
776,12,14,65217.17,2,Casual - عملاء عاديين
777,84,11,103439.81999999999,2,Casual - عملاء عاديين
778,176,14,77448.69,1,At Risk - عملاء مش نشطين من فترة
779,94,15,193336.8,0,VIP - عملاء بيإنفقوا كتير ونشطين
780,42,12,154353.81,2,Casual - عملاء عاديين
781,67,11,109704.11,2,Casual - عملاء عاديين
782,138,13,151099.7,1,At Risk - عملاء مش نشطين من فترة
783,10,14,255932.69,0,VIP - عملاء بيإنفقوا كتير ونشطين
784,100,11,90533.14,1,At Risk - عملاء مش نشطين من فترة
785,25,13,172200.73,2,Casual - عملاء عاديين
786,23,11,64574.55,2,Casual - عملاء عاديين
787,34,12,88863.13,2,Casual - عملاء عاديين
788,52,16,220107.72999999998,0,VIP - عملاء بيإنفقوا كتير ونشطين
789,10,20,197669.79,0,VIP - عملاء بيإنفقوا كتير ونشطين
790,62,14,127536.5,2,Casual - عملاء عاديين
791,15,13,141738.45,2,Casual - عملاء عاديين
792,92,14,151380.05,1,At Risk - عملاء مش نشطين من فترة
793,17,12,87723.97,2,Casual - عملاء عاديين
794,2,15,110274.4,2,Casual - عملاء عاديين
795,27,15,84130.08,2,Casual - عملاء عاديين
796,29,16,177677.06,0,VIP - عملاء بيإنفقوا كتير ونشطين
797,5,22,134149.71,0,VIP - عملاء بيإنفقوا كتير ونشطين
798,83,16,86133.97,2,Casual - عملاء عاديين
799,70,9,54218.4,2,Casual - عملاء عاديين
800,11,19,213994.65999999997,0,VIP - عملاء بيإنفقوا كتير ونشطين
801,96,15,134178.08,1,At Risk - عملاء مش نشطين من فترة
802,37,26,329688.77,0,VIP - عملاء بيإنفقوا كتير ونشطين
803,13,20,187601.86000000002,0,VIP - عملاء بيإنفقوا كتير ونشطين
804,34,13,145162.01,2,Casual - عملاء عاديين
805,19,14,182781.76,0,VIP - عملاء بيإنفقوا كتير ونشطين
806,44,10,114876.56,2,Casual - عملاء عاديين
807,40,10,173964.63,2,Casual - عملاء عاديين
808,82,18,91926.47,2,Casual - عملاء عاديين
809,38,15,163319.33,2,Casual - عملاء عاديين
810,2,11,79154.97,2,Casual - عملاء عاديين
811,63,18,171423.21,0,VIP - عملاء بيإنفقوا كتير ونشطين
812,47,12,103839.25,2,Casual - عملاء عاديين
813,13,14,108920.15,2,Casual - عملاء عاديين
814,19,18,147509.47999999998,0,VIP - عملاء بيإنفقوا كتير ونشطين
815,87,15,186423.21,0,VIP - عملاء بيإنفقوا كتير ونشطين
816,33,15,157864.86000000002,2,Casual - عملاء عاديين
817,128,11,69954.92,1,At Risk - عملاء مش نشطين من فترة
818,107,12,143260.7,1,At Risk - عملاء مش نشطين من فترة
819,60,25,296119.87,0,VIP - عملاء بيإنفقوا كتير ونشطين
820,27,13,183895.61,2,Casual - عملاء عاديين
821,89,11,124835.06,1,At Risk - عملاء مش نشطين من فترة
822,12,13,87436.02,2,Casual - عملاء عاديين
823,78,14,166534.93,2,Casual - عملاء عاديين
824,30,10,130040.19,2,Casual - عملاء عاديين
825,9,14,177194.03,2,Casual - عملاء عاديين
826,2,16,159350.38,0,VIP - عملاء بيإنفقوا كتير ونشطين
827,12,14,172968.53999999998,2,Casual - عملاء عاديين
828,25,19,137653.34,0,VIP - عملاء بيإنفقوا كتير ونشطين
829,136,13,76975.26,1,At Risk - عملاء مش نشطين من فترة
830,61,10,145919.34,2,Casual - عملاء عاديين
831,101,19,256104.63,0,VIP - عملاء بيإنفقوا كتير ونشطين
832,28,15,275240.65,0,VIP - عملاء بيإنفقوا كتير ونشطين
833,13,17,209908.88,0,VIP - عملاء بيإنفقوا كتير ونشطين
834,111,15,114184.15000000001,1,At Risk - عملاء مش نشطين من فترة
835,38,14,121999.81999999999,2,Casual - عملاء عاديين
836,17,14,141454.63,2,Casual - عملاء عاديين
837,34,12,83862.1,2,Casual - عملاء عاديين
838,6,10,59558.97,2,Casual - عملاء عاديين
839,62,18,184139.31,0,VIP - عملاء بيإنفقوا كتير ونشطين
840,88,21,315831.01,0,VIP - عملاء بيإنفقوا كتير ونشطين
841,110,14,104602.95,1,At Risk - عملاء مش نشطين من فترة
842,30,17,130947.14,2,Casual - عملاء عاديين
843,14,16,155463.13,0,VIP - عملاء بيإنفقوا كتير ونشطين
844,5,21,203303.69,0,VIP - عملاء بيإنفقوا كتير ونشطين
845,19,21,225818.07,0,VIP - عملاء بيإنفقوا كتير ونشطين
846,155,12,146793.7,1,At Risk - عملاء مش نشطين من فترة
847,8,13,104166.4,2,Casual - عملاء عاديين
848,30,19,193083.36,0,VIP - عملاء بيإنفقوا كتير ونشطين
849,20,18,236005.52,0,VIP - عملاء بيإنفقوا كتير ونشطين
850,172,13,179889.42,1,At Risk - عملاء مش نشطين من فترة
851,135,13,144911.5,1,At Risk - عملاء مش نشطين من فترة
852,41,9,118905.61,2,Casual - عملاء عاديين
853,11,16,149505.08,2,Casual - عملاء عاديين
854,37,17,201127.35,0,VIP - عملاء بيإنفقوا كتير ونشطين
855,38,16,107042.8,2,Casual - عملاء عاديين
856,1,13,95257.72,2,Casual - عملاء عاديين
857,12,15,186501.51,0,VIP - عملاء بيإنفقوا كتير ونشطين
858,82,21,202617.85,0,VIP - عملاء بيإنفقوا كتير ونشطين
859,92,13,123001.72,1,At Risk - عملاء مش نشطين من فترة
860,152,9,94741.84,1,At Risk - عملاء مش نشطين من فترة
861,143,13,86480.20999999999,1,At Risk - عملاء مش نشطين من فترة
862,170,22,183806.37,0,VIP - عملاء بيإنفقوا كتير ونشطين
863,27,13,127647.24,2,Casual - عملاء عاديين
864,78,11,138211.02,2,Casual - عملاء عاديين
865,55,17,118117.31,2,Casual - عملاء عاديين
866,3,10,126883.92,2,Casual - عملاء عاديين
867,26,14,213302.9,0,VIP - عملاء بيإنفقوا كتير ونشطين
868,215,13,134301.95,1,At Risk - عملاء مش نشطين من فترة
869,13,15,117682.49,2,Casual - عملاء عاديين
870,176,7,76718.12,1,At Risk - عملاء مش نشطين من فترة
871,5,18,167050.63999999998,0,VIP - عملاء بيإنفقوا كتير ونشطين
872,4,20,238630.11000000002,0,VIP - عملاء بيإنفقوا كتير ونشطين
873,18,18,144075.14,0,VIP - عملاء بيإنفقوا كتير ونشطين
874,48,15,129480.70999999999,2,Casual - عملاء عاديين
875,1,14,206436.73,0,VIP - عملاء بيإنفقوا كتير ونشطين
876,96,17,83545.77,2,Casual - عملاء عاديين
877,42,14,206930.88999999998,0,VIP - عملاء بيإنفقوا كتير ونشطين
878,176,7,26981.760000000002,1,At Risk - عملاء مش نشطين من فترة
879,62,12,86617.1,2,Casual - عملاء عاديين
880,125,16,194609.43,1,At Risk - عملاء مش نشطين من فترة
881,16,20,230211.02,0,VIP - عملاء بيإنفقوا كتير ونشطين
882,14,11,118985.42,2,Casual - عملاء عاديين
883,170,8,66901.78,1,At Risk - عملاء مش نشطين من فترة
884,14,16,152450.57,0,VIP - عملاء بيإنفقوا كتير ونشطين
885,64,21,248804.66999999998,0,VIP - عملاء بيإنفقوا كتير ونشطين
886,40,11,216975.47999999998,2,Casual - عملاء عاديين
887,11,13,167074.28,2,Casual - عملاء عاديين
888,65,8,112638.05,2,Casual - عملاء عاديين
889,98,16,195546.69,0,VIP - عملاء بيإنفقوا كتير ونشطين
890,41,18,136972.71,0,VIP - عملاء بيإنفقوا كتير ونشطين
891,42,19,250254.16999999998,0,VIP - عملاء بيإنفقوا كتير ونشطين
892,7,19,252571.43000000002,0,VIP - عملاء بيإنفقوا كتير ونشطين
893,35,15,135291.79,2,Casual - عملاء عاديين
894,73,22,185431.76,0,VIP - عملاء بيإنفقوا كتير ونشطين
895,19,12,131608.57,2,Casual - عملاء عاديين
896,79,13,138901.25,2,Casual - عملاء عاديين
897,61,12,87564.98,2,Casual - عملاء عاديين
898,139,15,128393.0,1,At Risk - عملاء مش نشطين من فترة
899,85,15,181837.07,0,VIP - عملاء بيإنفقوا كتير ونشطين
900,84,10,137369.36,2,Casual - عملاء عاديين
901,55,9,124330.15,2,Casual - عملاء عاديين
902,82,19,188610.82,0,VIP - عملاء بيإنفقوا كتير ونشطين
903,68,11,113321.9,2,Casual - عملاء عاديين
904,2,25,242762.84,0,VIP - عملاء بيإنفقوا كتير ونشطين
905,35,22,312727.43,0,VIP - عملاء بيإنفقوا كتير ونشطين
906,13,7,63744.44,2,Casual - عملاء عاديين
907,5,14,168514.66,2,Casual - عملاء عاديين
908,11,21,105255.31,0,VIP - عملاء بيإنفقوا كتير ونشطين
909,80,14,89697.45,2,Casual - عملاء عاديين
910,71,13,147289.56,2,Casual - عملاء عاديين
911,86,13,104632.54000000001,2,Casual - عملاء عاديين
912,5,11,101000.53,2,Casual - عملاء عاديين
913,13,13,226621.2,0,VIP - عملاء بيإنفقوا كتير ونشطين
914,33,12,112829.12,2,Casual - عملاء عاديين
915,116,11,86671.39,1,At Risk - عملاء مش نشطين من فترة
916,13,17,181604.68,0,VIP - عملاء بيإنفقوا كتير ونشطين
917,16,14,111638.88,2,Casual - عملاء عاديين
918,82,16,182116.99,0,VIP - عملاء بيإنفقوا كتير ونشطين
919,82,19,99609.75,2,Casual - عملاء عاديين
920,57,12,171154.85,2,Casual - عملاء عاديين
921,20,16,64438.25,2,Casual - عملاء عاديين
922,147,5,13772.9,1,At Risk - عملاء مش نشطين من فترة
923,11,17,160314.66,0,VIP - عملاء بيإنفقوا كتير ونشطين
924,96,14,173183.34,1,At Risk - عملاء مش نشطين من فترة
925,34,16,86635.5,2,Casual - عملاء عاديين
926,8,15,245468.85,0,VIP - عملاء بيإنفقوا كتير ونشطين
927,186,13,131492.36000000002,1,At Risk - عملاء مش نشطين من فترة
928,10,15,200190.29,0,VIP - عملاء بيإنفقوا كتير ونشطين
929,84,9,138483.06,1,At Risk - عملاء مش نشطين من فترة
930,53,13,144931.01,2,Casual - عملاء عاديين
931,158,8,94884.59,1,At Risk - عملاء مش نشطين من فترة
932,43,11,122535.52,2,Casual - عملاء عاديين
933,10,17,135560.24,2,Casual - عملاء عاديين
934,28,17,136643.36000000002,0,VIP - عملاء بيإنفقوا كتير ونشطين
935,200,14,95883.75,1,At Risk - عملاء مش نشطين من فترة
936,110,16,181038.37,0,VIP - عملاء بيإنفقوا كتير ونشطين
937,172,15,160043.77,1,At Risk - عملاء مش نشطين من فترة
938,34,15,120141.63,2,Casual - عملاء عاديين
939,86,15,228262.25,0,VIP - عملاء بيإنفقوا كتير ونشطين
940,58,15,227617.03,0,VIP - عملاء بيإنفقوا كتير ونشطين
941,128,11,98539.06999999999,1,At Risk - عملاء مش نشطين من فترة
942,35,13,93606.21,2,Casual - عملاء عاديين
943,138,9,74554.9,1,At Risk - عملاء مش نشطين من فترة
944,34,12,194494.97,2,Casual - عملاء عاديين
945,36,15,185522.2,0,VIP - عملاء بيإنفقوا كتير ونشطين
946,6,13,113470.32,2,Casual - عملاء عاديين
947,170,12,105054.91,1,At Risk - عملاء مش نشطين من فترة
948,94,6,28230.95,1,At Risk - عملاء مش نشطين من فترة
949,59,13,291305.39999999997,0,VIP - عملاء بيإنفقوا كتير ونشطين
950,409,8,32058.81,1,At Risk - عملاء مش نشطين من فترة
951,133,8,52154.58,1,At Risk - عملاء مش نشطين من فترة
952,17,17,117680.92,2,Casual - عملاء عاديين
953,4,15,174216.07,0,VIP - عملاء بيإنفقوا كتير ونشطين
954,43,26,280804.09,0,VIP - عملاء بيإنفقوا كتير ونشطين
955,85,18,197930.53,0,VIP - عملاء بيإنفقوا كتير ونشطين
956,4,20,202438.83,0,VIP - عملاء بيإنفقوا كتير ونشطين
957,13,15,143734.66,2,Casual - عملاء عاديين
958,4,20,315455.1,0,VIP - عملاء بيإنفقوا كتير ونشطين
959,4,12,140102.2,2,Casual - عملاء عاديين
960,86,12,82377.55,2,Casual - عملاء عاديين
961,17,11,115048.63,2,Casual - عملاء عاديين
962,28,16,120637.67,2,Casual - عملاء عاديين
963,22,17,114951.17,2,Casual - عملاء عاديين
964,24,11,95864.68,2,Casual - عملاء عاديين
965,17,17,225295.22,0,VIP - عملاء بيإنفقوا كتير ونشطين
966,8,15,159070.93,2,Casual - عملاء عاديين
967,131,13,110288.12000000001,1,At Risk - عملاء مش نشطين من فترة
968,41,14,90069.7,2,Casual - عملاء عاديين
969,70,11,113984.04,2,Casual - عملاء عاديين
970,174,10,151101.31,1,At Risk - عملاء مش نشطين من فترة
971,68,12,75044.19,2,Casual - عملاء عاديين
972,17,11,154328.25,2,Casual - عملاء عاديين
973,22,9,115549.8,2,Casual - عملاء عاديين
974,25,19,152679.33,0,VIP - عملاء بيإنفقوا كتير ونشطين
975,194,14,95407.13,1,At Risk - عملاء مش نشطين من فترة
976,3,14,182213.88,2,Casual - عملاء عاديين
977,4,9,47888.740000000005,2,Casual - عملاء عاديين
978,26,21,285467.06,0,VIP - عملاء بيإنفقوا كتير ونشطين
979,6,15,172418.66999999998,0,VIP - عملاء بيإنفقوا كتير ونشطين
980,41,17,166477.43,0,VIP - عملاء بيإنفقوا كتير ونشطين
981,27,15,62615.12,2,Casual - عملاء عاديين
982,33,15,210356.76,0,VIP - عملاء بيإنفقوا كتير ونشطين
983,72,18,201643.1,0,VIP - عملاء بيإنفقوا كتير ونشطين
984,14,10,93118.57,2,Casual - عملاء عاديين
985,58,12,159032.04,2,Casual - عملاء عاديين
986,102,16,225501.56,0,VIP - عملاء بيإنفقوا كتير ونشطين
987,50,13,159016.59,2,Casual - عملاء عاديين
988,87,14,199486.6,0,VIP - عملاء بيإنفقوا كتير ونشطين
989,101,17,286734.42,0,VIP - عملاء بيإنفقوا كتير ونشطين
990,14,18,177875.93,0,VIP - عملاء بيإنفقوا كتير ونشطين
991,5,18,210125.84,0,VIP - عملاء بيإنفقوا كتير ونشطين
992,50,23,220974.93,0,VIP - عملاء بيإنفقوا كتير ونشطين
993,55,13,129073.16,2,Casual - عملاء عاديين
994,14,13,123661.94,2,Casual - عملاء عاديين
995,48,15,149922.63,2,Casual - عملاء عاديين
996,82,13,148387.4,2,Casual - عملاء عاديين
997,107,13,111019.39,1,At Risk - عملاء مش نشطين من فترة
998,22,16,182251.0,0,VIP - عملاء بيإنفقوا كتير ونشطين
999,80,7,110037.05,1,At Risk - عملاء مش نشطين من فترة
1000,66,16,138888.27,2,Casual - عملاء عاديين
1001,32,10,141856.39,2,Casual - عملاء عاديين
1002,12,16,235501.48,0,VIP - عملاء بيإنفقوا كتير ونشطين
1003,87,14,111403.7,2,Casual - عملاء عاديين
1004,56,10,79245.31,2,Casual - عملاء عاديين
1005,15,13,94978.45999999999,2,Casual - عملاء عاديين
1006,61,12,105195.89,2,Casual - عملاء عاديين
1007,23,13,121227.36,2,Casual - عملاء عاديين
1008,56,15,170215.09,0,VIP - عملاء بيإنفقوا كتير ونشطين
1009,12,11,102489.34,2,Casual - عملاء عاديين
1010,102,9,100283.81999999999,1,At Risk - عملاء مش نشطين من فترة
1011,97,7,87709.49,1,At Risk - عملاء مش نشطين من فترة
1012,23,20,238402.93,0,VIP - عملاء بيإنفقوا كتير ونشطين
1013,60,11,106771.36,2,Casual - عملاء عاديين
1014,17,13,147886.81,2,Casual - عملاء عاديين
1015,24,12,158374.85,2,Casual - عملاء عاديين
1016,68,11,162905.78,2,Casual - عملاء عاديين
1017,241,9,59019.71,1,At Risk - عملاء مش نشطين من فترة
1018,102,11,171301.63,1,At Risk - عملاء مش نشطين من فترة
1019,67,15,141388.87,2,Casual - عملاء عاديين
1020,5,15,181854.2,0,VIP - عملاء بيإنفقوا كتير ونشطين
1021,26,7,94714.02,2,Casual - عملاء عاديين
1022,36,16,156414.57,0,VIP - عملاء بيإنفقوا كتير ونشطين
1023,9,10,150915.63999999998,2,Casual - عملاء عاديين
1024,191,15,118030.46,1,At Risk - عملاء مش نشطين من فترة
1025,110,12,100824.59,1,At Risk - عملاء مش نشطين من فترة
1026,95,15,98680.86,1,At Risk - عملاء مش نشطين من فترة
1027,20,12,284027.37,0,VIP - عملاء بيإنفقوا كتير ونشطين
1028,13,11,80883.08,2,Casual - عملاء عاديين
1029,77,9,65834.75,2,Casual - عملاء عاديين
1030,149,13,223749.21,1,At Risk - عملاء مش نشطين من فترة
1031,35,15,111017.0,2,Casual - عملاء عاديين
1032,18,13,126741.5,2,Casual - عملاء عاديين
1033,29,17,146065.38,0,VIP - عملاء بيإنفقوا كتير ونشطين
1034,22,16,160651.38,0,VIP - عملاء بيإنفقوا كتير ونشطين
1035,24,22,154573.06,0,VIP - عملاء بيإنفقوا كتير ونشطين
1036,18,14,160136.65,2,Casual - عملاء عاديين
1037,7,18,182073.34,0,VIP - عملاء بيإنفقوا كتير ونشطين
1038,65,21,219320.18,0,VIP - عملاء بيإنفقوا كتير ونشطين
1039,41,13,108782.08,2,Casual - عملاء عاديين
1040,63,11,180128.62,2,Casual - عملاء عاديين
1041,22,16,168606.15,0,VIP - عملاء بيإنفقوا كتير ونشطين
1042,13,16,241639.96,0,VIP - عملاء بيإنفقوا كتير ونشطين
1043,105,6,81716.66,1,At Risk - عملاء مش نشطين من فترة
1044,62,14,117114.66,2,Casual - عملاء عاديين
1045,8,15,157369.47,2,Casual - عملاء عاديين
1046,184,13,100426.26,1,At Risk - عملاء مش نشطين من فترة
1047,96,15,190177.82,0,VIP - عملاء بيإنفقوا كتير ونشطين
1048,39,15,129199.26,2,Casual - عملاء عاديين
1049,42,17,144352.99,0,VIP - عملاء بيإنفقوا كتير ونشطين
1050,128,22,399779.66000000003,0,VIP - عملاء بيإنفقوا كتير ونشطين
1051,35,18,233849.38,0,VIP - عملاء بيإنفقوا كتير ونشطين
1052,17,12,131327.23,2,Casual - عملاء عاديين
1053,11,16,116235.37,2,Casual - عملاء عاديين
1054,50,11,141760.41,2,Casual - عملاء عاديين
1055,37,18,152077.63,0,VIP - عملاء بيإنفقوا كتير ونشطين
1056,4,20,194242.62,0,VIP - عملاء بيإنفقوا كتير ونشطين
1057,63,13,165030.35,2,Casual - عملاء عاديين
1058,19,15,182245.26,0,VIP - عملاء بيإنفقوا كتير ونشطين
1059,15,12,97341.18000000001,2,Casual - عملاء عاديين
1060,103,14,125125.45,1,At Risk - عملاء مش نشطين من فترة
1061,47,8,118036.91,2,Casual - عملاء عاديين
1062,194,9,35833.44,1,At Risk - عملاء مش نشطين من فترة
1063,131,7,67391.3,1,At Risk - عملاء مش نشطين من فترة
1064,18,12,91045.63,2,Casual - عملاء عاديين
1065,5,11,157209.95,2,Casual - عملاء عاديين
1066,23,9,85163.66,2,Casual - عملاء عاديين
1067,36,14,160738.71,2,Casual - عملاء عاديين
1068,47,17,160341.8,0,VIP - عملاء بيإنفقوا كتير ونشطين
1069,3,15,169344.44,0,VIP - عملاء بيإنفقوا كتير ونشطين
1070,75,12,137134.87,2,Casual - عملاء عاديين
1071,11,18,186466.75,0,VIP - عملاء بيإنفقوا كتير ونشطين
1072,38,21,146242.91,0,VIP - عملاء بيإنفقوا كتير ونشطين
1073,30,14,150084.58,2,Casual - عملاء عاديين
1074,68,14,194564.46,0,VIP - عملاء بيإنفقوا كتير ونشطين
1075,29,14,138557.54,2,Casual - عملاء عاديين
1076,29,12,123989.26999999999,2,Casual - عملاء عاديين
1077,139,12,103049.31999999999,1,At Risk - عملاء مش نشطين من فترة
1078,68,16,93246.02,2,Casual - عملاء عاديين
1079,2,18,286529.57,0,VIP - عملاء بيإنفقوا كتير ونشطين
1080,118,12,149095.97,1,At Risk - عملاء مش نشطين من فترة
1081,69,16,79286.25,2,Casual - عملاء عاديين
1082,39,18,113439.65,2,Casual - عملاء عاديين
1083,98,20,230663.3,0,VIP - عملاء بيإنفقوا كتير ونشطين
1084,41,12,99772.28,2,Casual - عملاء عاديين
1085,34,11,77407.6,2,Casual - عملاء عاديين
1086,2,17,196674.25,0,VIP - عملاء بيإنفقوا كتير ونشطين
1087,96,8,34578.72,1,At Risk - عملاء مش نشطين من فترة
1088,60,16,160580.84,0,VIP - عملاء بيإنفقوا كتير ونشطين
1089,115,9,88516.33,1,At Risk - عملاء مش نشطين من فترة
1090,2,19,144024.15,0,VIP - عملاء بيإنفقوا كتير ونشطين
1091,46,14,110419.08,2,Casual - عملاء عاديين
1092,8,8,44757.96,2,Casual - عملاء عاديين
1093,45,18,161821.22,0,VIP - عملاء بيإنفقوا كتير ونشطين
1094,90,9,92761.76,1,At Risk - عملاء مش نشطين من فترة
1095,105,7,51618.66,1,At Risk - عملاء مش نشطين من فترة
1096,17,15,124670.78,2,Casual - عملاء عاديين
1097,10,18,150725.75,0,VIP - عملاء بيإنفقوا كتير ونشطين
1098,7,14,172883.16,2,Casual - عملاء عاديين
1099,51,8,50516.159999999996,2,Casual - عملاء عاديين
1100,25,13,125029.59,2,Casual - عملاء عاديين
1101,31,10,71190.98999999999,2,Casual - عملاء عاديين
1102,33,14,109835.78,2,Casual - عملاء عاديين
1103,110,14,162387.6,1,At Risk - عملاء مش نشطين من فترة
1104,86,12,98242.49,2,Casual - عملاء عاديين
1105,82,8,101497.85,1,At Risk - عملاء مش نشطين من فترة
1106,68,16,110314.62000000001,2,Casual - عملاء عاديين
1107,12,19,203648.51,0,VIP - عملاء بيإنفقوا كتير ونشطين
1108,7,18,200338.92,0,VIP - عملاء بيإنفقوا كتير ونشطين
1109,76,15,146320.39,2,Casual - عملاء عاديين
1110,94,19,175974.48,0,VIP - عملاء بيإنفقوا كتير ونشطين
1111,138,12,221313.42,1,At Risk - عملاء مش نشطين من فترة
1112,61,13,161757.42,2,Casual - عملاء عاديين
1113,196,8,92990.31,1,At Risk - عملاء مش نشطين من فترة
1114,17,13,63754.6,2,Casual - عملاء عاديين
1115,189,14,154160.82,1,At Risk - عملاء مش نشطين من فترة
1116,128,10,117463.26999999999,1,At Risk - عملاء مش نشطين من فترة
1117,68,20,266321.96,0,VIP - عملاء بيإنفقوا كتير ونشطين
1118,98,16,188072.25,0,VIP - عملاء بيإنفقوا كتير ونشطين
1119,27,19,139013.34,0,VIP - عملاء بيإنفقوا كتير ونشطين
1120,17,9,121537.89,2,Casual - عملاء عاديين
1121,172,7,54920.15,1,At Risk - عملاء مش نشطين من فترة
1122,68,23,360087.37,0,VIP - عملاء بيإنفقوا كتير ونشطين
1123,44,14,118469.48999999999,2,Casual - عملاء عاديين
1124,20,15,160737.69,2,Casual - عملاء عاديين
1125,23,16,85609.01,2,Casual - عملاء عاديين
1126,14,18,134512.92,0,VIP - عملاء بيإنفقوا كتير ونشطين
1127,23,8,66455.92,2,Casual - عملاء عاديين
1128,38,13,102886.19,2,Casual - عملاء عاديين
1129,45,13,114411.6,2,Casual - عملاء عاديين
1130,17,19,156726.16,0,VIP - عملاء بيإنفقوا كتير ونشطين
1131,34,15,182528.06,0,VIP - عملاء بيإنفقوا كتير ونشطين
1132,53,13,131902.86000000002,2,Casual - عملاء عاديين
1133,9,11,74314.89,2,Casual - عملاء عاديين
1134,5,24,187116.06,0,VIP - عملاء بيإنفقوا كتير ونشطين
1135,26,17,133632.01,2,Casual - عملاء عاديين
1136,53,13,201649.77,0,VIP - عملاء بيإنفقوا كتير ونشطين
1137,120,10,84002.08,1,At Risk - عملاء مش نشطين من فترة
1138,145,13,85201.18000000001,1,At Risk - عملاء مش نشطين من فترة
1139,29,12,315271.02999999997,0,VIP - عملاء بيإنفقوا كتير ونشطين
1140,138,10,50773.46,1,At Risk - عملاء مش نشطين من فترة
1141,140,15,145813.4,1,At Risk - عملاء مش نشطين من فترة
1142,57,15,226643.65,0,VIP - عملاء بيإنفقوا كتير ونشطين
1143,52,18,282043.89,0,VIP - عملاء بيإنفقوا كتير ونشطين
1144,200,8,96995.28,1,At Risk - عملاء مش نشطين من فترة
1145,4,10,74811.9,2,Casual - عملاء عاديين
1146,35,14,190154.62,0,VIP - عملاء بيإنفقوا كتير ونشطين
1147,47,16,169647.39,0,VIP - عملاء بيإنفقوا كتير ونشطين
1148,56,16,280504.04,0,VIP - عملاء بيإنفقوا كتير ونشطين
1149,145,9,122554.77,1,At Risk - عملاء مش نشطين من فترة
1150,55,16,151575.51,0,VIP - عملاء بيإنفقوا كتير ونشطين
1151,85,19,240650.79,0,VIP - عملاء بيإنفقوا كتير ونشطين
1152,47,13,94032.73,2,Casual - عملاء عاديين
1153,31,15,179428.64,0,VIP - عملاء بيإنفقوا كتير ونشطين
1154,130,16,172785.59,1,At Risk - عملاء مش نشطين من فترة
1155,101,14,156019.83,1,At Risk - عملاء مش نشطين من فترة
1156,89,8,126661.23,1,At Risk - عملاء مش نشطين من فترة
1157,5,15,152125.6,2,Casual - عملاء عاديين
1158,120,9,139388.27,1,At Risk - عملاء مش نشطين من فترة
1159,41,8,60011.51,2,Casual - عملاء عاديين
1160,20,21,160443.97,0,VIP - عملاء بيإنفقوا كتير ونشطين
1161,68,16,142069.72,2,Casual - عملاء عاديين
1162,67,16,138907.74,2,Casual - عملاء عاديين
1163,111,8,81156.52,1,At Risk - عملاء مش نشطين من فترة
1164,15,17,187541.1,0,VIP - عملاء بيإنفقوا كتير ونشطين
1165,54,8,43888.340000000004,2,Casual - عملاء عاديين
1166,21,13,97672.77,2,Casual - عملاء عاديين
1167,38,13,203578.06,0,VIP - عملاء بيإنفقوا كتير ونشطين
1168,105,14,155100.7,1,At Risk - عملاء مش نشطين من فترة
1169,80,19,141310.39,0,VIP - عملاء بيإنفقوا كتير ونشطين
1170,36,10,206319.79,2,Casual - عملاء عاديين
1171,11,12,83455.41,2,Casual - عملاء عاديين
1172,46,17,165092.87,0,VIP - عملاء بيإنفقوا كتير ونشطين
1173,75,6,73785.78,2,Casual - عملاء عاديين
1174,128,11,72507.68,1,At Risk - عملاء مش نشطين من فترة
1175,139,17,221510.25,0,VIP - عملاء بيإنفقوا كتير ونشطين
1176,26,24,254356.76,0,VIP - عملاء بيإنفقوا كتير ونشطين
1177,25,15,93543.43000000001,2,Casual - عملاء عاديين
1178,40,10,45885.45,2,Casual - عملاء عاديين
1179,47,18,199464.14,0,VIP - عملاء بيإنفقوا كتير ونشطين
1180,104,8,117121.46,1,At Risk - عملاء مش نشطين من فترة
1181,166,12,172091.25,1,At Risk - عملاء مش نشطين من فترة
1182,49,19,191951.32,0,VIP - عملاء بيإنفقوا كتير ونشطين
1183,6,12,173901.16,2,Casual - عملاء عاديين
1184,3,15,152144.58000000002,2,Casual - عملاء عاديين
1185,26,14,144165.86,2,Casual - عملاء عاديين
1186,55,13,155446.51,2,Casual - عملاء عاديين
1187,57,13,190251.68000000002,2,Casual - عملاء عاديين
1188,5,12,112009.78,2,Casual - عملاء عاديين
1189,171,16,163209.81,1,At Risk - عملاء مش نشطين من فترة
1190,86,9,52135.72,1,At Risk - عملاء مش نشطين من فترة
1191,22,16,255367.61000000002,0,VIP - عملاء بيإنفقوا كتير ونشطين
1192,19,14,100004.28,2,Casual - عملاء عاديين
1193,37,14,143400.51,2,Casual - عملاء عاديين
1194,11,20,179896.8,0,VIP - عملاء بيإنفقوا كتير ونشطين
1195,31,13,93116.47,2,Casual - عملاء عاديين
1196,18,10,47163.71,2,Casual - عملاء عاديين
1197,26,13,181282.09,2,Casual - عملاء عاديين
1198,27,22,327974.81,0,VIP - عملاء بيإنفقوا كتير ونشطين
1199,19,11,120744.83,2,Casual - عملاء عاديين
1200,16,16,122265.04,2,Casual - عملاء عاديين
1201,41,14,159675.7,2,Casual - عملاء عاديين
1202,162,8,114725.48,1,At Risk - عملاء مش نشطين من فترة
1203,48,21,151494.11,0,VIP - عملاء بيإنفقوا كتير ونشطين
1204,14,22,262081.66,0,VIP - عملاء بيإنفقوا كتير ونشطين
1205,26,13,159905.69,2,Casual - عملاء عاديين
1206,20,16,109878.89,2,Casual - عملاء عاديين
1207,26,23,197563.73,0,VIP - عملاء بيإنفقوا كتير ونشطين
1208,20,27,292044.02999999997,0,VIP - عملاء بيإنفقوا كتير ونشطين
1209,16,16,194351.49,0,VIP - عملاء بيإنفقوا كتير ونشطين
1210,15,21,169575.66,0,VIP - عملاء بيإنفقوا كتير ونشطين
1211,27,15,149410.85,2,Casual - عملاء عاديين
1212,3,24,202059.12,0,VIP - عملاء بيإنفقوا كتير ونشطين
1213,193,12,229274.87,1,At Risk - عملاء مش نشطين من فترة
1214,179,14,361850.9,0,VIP - عملاء بيإنفقوا كتير ونشطين
1215,17,10,83658.09,2,Casual - عملاء عاديين
1216,6,15,218829.15,0,VIP - عملاء بيإنفقوا كتير ونشطين
1217,94,12,85806.23,1,At Risk - عملاء مش نشطين من فترة
1218,90,15,250408.43,0,VIP - عملاء بيإنفقوا كتير ونشطين
1219,68,16,106043.1,2,Casual - عملاء عاديين
1220,1,15,78223.53,2,Casual - عملاء عاديين
1221,21,24,191948.65,0,VIP - عملاء بيإنفقوا كتير ونشطين
1222,194,15,269348.7,1,At Risk - عملاء مش نشطين من فترة
1223,11,8,45753.130000000005,2,Casual - عملاء عاديين
1224,19,16,65289.92,2,Casual - عملاء عاديين
1225,104,8,137577.03,1,At Risk - عملاء مش نشطين من فترة
1226,6,14,124094.20999999999,2,Casual - عملاء عاديين
1227,118,10,103955.98,1,At Risk - عملاء مش نشطين من فترة
1228,1,24,260894.85,0,VIP - عملاء بيإنفقوا كتير ونشطين
1229,13,14,240120.30000000002,0,VIP - عملاء بيإنفقوا كتير ونشطين
1230,19,17,247269.13999999998,0,VIP - عملاء بيإنفقوا كتير ونشطين
1231,1,15,187644.73,0,VIP - عملاء بيإنفقوا كتير ونشطين
1232,100,17,146727.84,0,VIP - عملاء بيإنفقوا كتير ونشطين
1233,27,16,147721.86,2,Casual - عملاء عاديين
1234,26,18,161478.27,0,VIP - عملاء بيإنفقوا كتير ونشطين
1235,3,6,35639.9,2,Casual - عملاء عاديين
1236,62,17,239706.47,0,VIP - عملاء بيإنفقوا كتير ونشطين
1237,176,12,104755.89,1,At Risk - عملاء مش نشطين من فترة
1238,104,15,232008.05,0,VIP - عملاء بيإنفقوا كتير ونشطين
1239,69,17,201402.9,0,VIP - عملاء بيإنفقوا كتير ونشطين
1240,62,19,198623.35,0,VIP - عملاء بيإنفقوا كتير ونشطين
1241,120,10,90911.37000000001,1,At Risk - عملاء مش نشطين من فترة
1242,56,17,189410.15,0,VIP - عملاء بيإنفقوا كتير ونشطين
1243,23,19,111137.66,0,VIP - عملاء بيإنفقوا كتير ونشطين
1244,40,15,192386.69,0,VIP - عملاء بيإنفقوا كتير ونشطين
1245,1,18,217629.24,0,VIP - عملاء بيإنفقوا كتير ونشطين
1246,47,21,197742.81,0,VIP - عملاء بيإنفقوا كتير ونشطين
1247,41,13,116789.37,2,Casual - عملاء عاديين
1248,97,18,190330.09,0,VIP - عملاء بيإنفقوا كتير ونشطين
1249,74,8,71722.48000000001,2,Casual - عملاء عاديين
1250,18,12,139393.24,2,Casual - عملاء عاديين
1251,6,14,158416.7,2,Casual - عملاء عاديين
1252,11,14,148958.87,2,Casual - عملاء عاديين
1253,145,15,212093.34,1,At Risk - عملاء مش نشطين من فترة
1254,10,20,280647.71,0,VIP - عملاء بيإنفقوا كتير ونشطين
1255,61,9,51595.630000000005,2,Casual - عملاء عاديين
1256,113,12,88051.22,1,At Risk - عملاء مش نشطين من فترة
1257,6,16,92365.31,2,Casual - عملاء عاديين
1258,10,20,183938.77,0,VIP - عملاء بيإنفقوا كتير ونشطين
1259,11,16,183509.22999999998,0,VIP - عملاء بيإنفقوا كتير ونشطين
1260,105,12,116883.58,1,At Risk - عملاء مش نشطين من فترة
1261,74,14,168473.87,2,Casual - عملاء عاديين
1262,48,15,210601.93,0,VIP - عملاء بيإنفقوا كتير ونشطين
1263,4,21,273859.58,0,VIP - عملاء بيإنفقوا كتير ونشطين
1264,61,15,148920.98,2,Casual - عملاء عاديين
1265,91,9,175866.85,1,At Risk - عملاء مش نشطين من فترة
1266,14,11,130647.31999999999,2,Casual - عملاء عاديين
1267,50,19,313030.95,0,VIP - عملاء بيإنفقوا كتير ونشطين
1268,19,17,93768.52,2,Casual - عملاء عاديين
1269,6,17,161173.97,0,VIP - عملاء بيإنفقوا كتير ونشطين
1270,100,15,173829.25,1,At Risk - عملاء مش نشطين من فترة
1271,22,15,122626.31,2,Casual - عملاء عاديين
1272,73,12,72055.76,2,Casual - عملاء عاديين
1273,35,13,190173.69,2,Casual - عملاء عاديين
1274,41,15,96305.25,2,Casual - عملاء عاديين
1275,7,18,164787.46,0,VIP - عملاء بيإنفقوا كتير ونشطين
1276,98,16,136562.24,1,At Risk - عملاء مش نشطين من فترة
1277,45,16,225567.06999999998,0,VIP - عملاء بيإنفقوا كتير ونشطين
1278,83,18,245765.97,0,VIP - عملاء بيإنفقوا كتير ونشطين
1279,77,16,177514.9,0,VIP - عملاء بيإنفقوا كتير ونشطين
1280,104,12,80976.76000000001,1,At Risk - عملاء مش نشطين من فترة
1281,72,16,65784.83,2,Casual - عملاء عاديين
1282,131,14,135020.78,1,At Risk - عملاء مش نشطين من فترة
1283,86,9,182373.51,1,At Risk - عملاء مش نشطين من فترة
1284,34,15,146756.34,2,Casual - عملاء عاديين
1285,90,10,186952.36,1,At Risk - عملاء مش نشطين من فترة
1286,104,6,92665.18,1,At Risk - عملاء مش نشطين من فترة
1287,21,14,140055.68,2,Casual - عملاء عاديين
1288,19,14,169046.25,2,Casual - عملاء عاديين
1289,174,18,187360.77,1,At Risk - عملاء مش نشطين من فترة
1290,23,17,113883.12,2,Casual - عملاء عاديين
1291,74,12,139455.04,2,Casual - عملاء عاديين
1292,40,13,70250.56,2,Casual - عملاء عاديين
1293,132,14,146218.07,1,At Risk - عملاء مش نشطين من فترة
1294,6,16,159156.03,0,VIP - عملاء بيإنفقوا كتير ونشطين
1295,97,15,107461.06,1,At Risk - عملاء مش نشطين من فترة
1296,35,14,134967.96,2,Casual - عملاء عاديين
1297,27,17,200689.55000000002,0,VIP - عملاء بيإنفقوا كتير ونشطين
1298,71,12,141077.16,2,Casual - عملاء عاديين
1299,19,8,61193.28,2,Casual - عملاء عاديين
1300,42,11,131950.65,2,Casual - عملاء عاديين
1301,99,12,128921.8,1,At Risk - عملاء مش نشطين من فترة
1302,10,19,158852.78,0,VIP - عملاء بيإنفقوا كتير ونشطين
1303,30,17,149422.22,0,VIP - عملاء بيإنفقوا كتير ونشطين
1304,84,18,199835.27000000002,0,VIP - عملاء بيإنفقوا كتير ونشطين
1305,139,5,39463.67,1,At Risk - عملاء مش نشطين من فترة
1306,97,15,102723.23,1,At Risk - عملاء مش نشطين من فترة
1307,15,17,274388.23,0,VIP - عملاء بيإنفقوا كتير ونشطين
1308,10,17,216919.45,0,VIP - عملاء بيإنفقوا كتير ونشطين
1309,12,20,263711.88,0,VIP - عملاء بيإنفقوا كتير ونشطين
1310,106,15,138590.38999999998,1,At Risk - عملاء مش نشطين من فترة
1311,28,16,173313.6,0,VIP - عملاء بيإنفقوا كتير ونشطين
1312,118,12,109787.36,1,At Risk - عملاء مش نشطين من فترة
1313,11,15,174310.48,0,VIP - عملاء بيإنفقوا كتير ونشطين
1314,81,16,220174.63999999998,0,VIP - عملاء بيإنفقوا كتير ونشطين
1315,98,20,174455.9,0,VIP - عملاء بيإنفقوا كتير ونشطين
1316,34,15,236863.5,0,VIP - عملاء بيإنفقوا كتير ونشطين
1317,117,7,128088.5,1,At Risk - عملاء مش نشطين من فترة
1318,23,11,67659.8,2,Casual - عملاء عاديين
1319,152,16,204863.81,1,At Risk - عملاء مش نشطين من فترة
1320,5,12,83950.2,2,Casual - عملاء عاديين
1321,26,17,153341.54,0,VIP - عملاء بيإنفقوا كتير ونشطين
1322,14,22,225179.76,0,VIP - عملاء بيإنفقوا كتير ونشطين
1323,141,16,191875.19,1,At Risk - عملاء مش نشطين من فترة
1324,19,26,214246.56,0,VIP - عملاء بيإنفقوا كتير ونشطين
1325,55,19,220575.53,0,VIP - عملاء بيإنفقوا كتير ونشطين
1326,77,19,291167.95999999996,0,VIP - عملاء بيإنفقوا كتير ونشطين
1327,70,16,251089.23,0,VIP - عملاء بيإنفقوا كتير ونشطين
1328,110,11,103780.18000000001,1,At Risk - عملاء مش نشطين من فترة
1329,43,12,161147.99,2,Casual - عملاء عاديين
1330,40,10,90645.24,2,Casual - عملاء عاديين
1331,57,20,165306.09,0,VIP - عملاء بيإنفقوا كتير ونشطين
1332,118,8,64767.16,1,At Risk - عملاء مش نشطين من فترة
1333,43,14,130546.76999999999,2,Casual - عملاء عاديين
1334,25,12,161323.13,2,Casual - عملاء عاديين
1335,5,7,68472.08,2,Casual - عملاء عاديين
1336,34,12,197209.1,2,Casual - عملاء عاديين
1337,69,12,165370.84,2,Casual - عملاء عاديين
1338,54,15,232766.45,0,VIP - عملاء بيإنفقوا كتير ونشطين
1339,52,16,176552.52,0,VIP - عملاء بيإنفقوا كتير ونشطين
1340,156,8,98790.1,1,At Risk - عملاء مش نشطين من فترة
1341,18,12,124057.0,2,Casual - عملاء عاديين
1342,8,15,183000.9,0,VIP - عملاء بيإنفقوا كتير ونشطين
1343,17,19,164003.27000000002,0,VIP - عملاء بيإنفقوا كتير ونشطين
1344,2,20,125838.23,0,VIP - عملاء بيإنفقوا كتير ونشطين
1345,19,13,258942.37,0,VIP - عملاء بيإنفقوا كتير ونشطين
1346,17,16,178219.45,0,VIP - عملاء بيإنفقوا كتير ونشطين
1347,2,17,91866.29,2,Casual - عملاء عاديين
1348,54,21,208986.05,0,VIP - عملاء بيإنفقوا كتير ونشطين
1349,26,17,91696.38,2,Casual - عملاء عاديين
1350,6,14,129377.94,2,Casual - عملاء عاديين
1351,107,13,88040.14,1,At Risk - عملاء مش نشطين من فترة
1352,26,15,227021.8,0,VIP - عملاء بيإنفقوا كتير ونشطين
1353,17,24,237253.93,0,VIP - عملاء بيإنفقوا كتير ونشطين
1354,174,9,65013.149999999994,1,At Risk - عملاء مش نشطين من فترة
1355,7,15,140435.24,2,Casual - عملاء عاديين
1356,48,12,167189.71,2,Casual - عملاء عاديين
1357,108,11,82084.08,1,At Risk - عملاء مش نشطين من فترة
1358,32,17,156078.08000000002,0,VIP - عملاء بيإنفقوا كتير ونشطين
1359,6,16,120292.97,2,Casual - عملاء عاديين
1360,1,10,47830.12,2,Casual - عملاء عاديين
1361,41,15,133287.38,2,Casual - عملاء عاديين
1362,4,17,118540.51,2,Casual - عملاء عاديين
1363,143,15,174816.72999999998,1,At Risk - عملاء مش نشطين من فترة
1364,47,17,84758.89,2,Casual - عملاء عاديين
1365,73,13,187749.73,2,Casual - عملاء عاديين
1366,41,18,139264.5,0,VIP - عملاء بيإنفقوا كتير ونشطين
1367,10,8,61516.36,2,Casual - عملاء عاديين
1368,25,10,114725.59999999999,2,Casual - عملاء عاديين
1369,16,19,150757.13,0,VIP - عملاء بيإنفقوا كتير ونشطين
1370,30,13,187176.71,2,Casual - عملاء عاديين
1371,8,14,130689.73,2,Casual - عملاء عاديين
1372,79,12,158680.6,2,Casual - عملاء عاديين
1373,12,13,126332.58,2,Casual - عملاء عاديين
1374,29,20,183570.49,0,VIP - عملاء بيإنفقوا كتير ونشطين
1375,13,14,208657.47,0,VIP - عملاء بيإنفقوا كتير ونشطين
1376,97,15,106701.59,1,At Risk - عملاء مش نشطين من فترة
1377,49,17,213932.56,0,VIP - عملاء بيإنفقوا كتير ونشطين
1378,4,15,151909.6,2,Casual - عملاء عاديين
1379,78,16,177380.83000000002,0,VIP - عملاء بيإنفقوا كتير ونشطين
1380,38,15,89163.06999999999,2,Casual - عملاء عاديين
1381,174,15,135885.45,1,At Risk - عملاء مش نشطين من فترة
1382,47,16,107519.05,2,Casual - عملاء عاديين
1383,105,6,52910.57,1,At Risk - عملاء مش نشطين من فترة
1384,3,16,126897.33,2,Casual - عملاء عاديين
1385,28,16,110904.29000000001,2,Casual - عملاء عاديين
1386,45,12,207946.85,2,Casual - عملاء عاديين
1387,5,16,162332.84,0,VIP - عملاء بيإنفقوا كتير ونشطين
1388,127,18,171881.44,0,VIP - عملاء بيإنفقوا كتير ونشطين
1389,4,20,137176.41,0,VIP - عملاء بيإنفقوا كتير ونشطين
1390,61,17,236212.13,0,VIP - عملاء بيإنفقوا كتير ونشطين
1391,17,21,290356.47,0,VIP - عملاء بيإنفقوا كتير ونشطين
1392,12,16,154230.11,0,VIP - عملاء بيإنفقوا كتير ونشطين
1393,43,17,261108.18,0,VIP - عملاء بيإنفقوا كتير ونشطين
1394,146,14,204695.26,1,At Risk - عملاء مش نشطين من فترة
1395,100,11,167711.77,1,At Risk - عملاء مش نشطين من فترة
1396,2,13,72373.03,2,Casual - عملاء عاديين
1397,13,11,61969.5,2,Casual - عملاء عاديين
1398,9,16,149239.77,2,Casual - عملاء عاديين
1399,86,14,110237.92,2,Casual - عملاء عاديين
1400,86,14,140408.07,2,Casual - عملاء عاديين
1401,158,11,192564.13,1,At Risk - عملاء مش نشطين من فترة
1402,33,8,89059.18000000001,2,Casual - عملاء عاديين
1403,119,19,217831.2,0,VIP - عملاء بيإنفقوا كتير ونشطين
1404,8,19,190380.04,0,VIP - عملاء بيإنفقوا كتير ونشطين
1405,10,20,164127.45,0,VIP - عملاء بيإنفقوا كتير ونشطين
1406,1,15,141059.08,2,Casual - عملاء عاديين
1407,14,15,232270.75,0,VIP - عملاء بيإنفقوا كتير ونشطين
1408,13,16,176620.24,0,VIP - عملاء بيإنفقوا كتير ونشطين
1409,47,16,102224.40000000001,2,Casual - عملاء عاديين
1410,69,15,121019.5,2,Casual - عملاء عاديين
1411,35,8,70886.77,2,Casual - عملاء عاديين
1412,40,12,137542.88999999998,2,Casual - عملاء عاديين
1413,87,17,150876.37,0,VIP - عملاء بيإنفقوا كتير ونشطين
1414,54,15,172437.66,0,VIP - عملاء بيإنفقوا كتير ونشطين
1415,84,17,194452.13,0,VIP - عملاء بيإنفقوا كتير ونشطين
1416,40,19,182035.78,0,VIP - عملاء بيإنفقوا كتير ونشطين
1417,28,17,208405.83,0,VIP - عملاء بيإنفقوا كتير ونشطين
1418,172,14,203891.36,1,At Risk - عملاء مش نشطين من فترة
1419,97,16,165927.36000000002,0,VIP - عملاء بيإنفقوا كتير ونشطين
1420,29,13,158652.02,2,Casual - عملاء عاديين
1421,23,13,77113.79,2,Casual - عملاء عاديين
1422,174,10,78387.32,1,At Risk - عملاء مش نشطين من فترة
1423,41,17,253729.7,0,VIP - عملاء بيإنفقوا كتير ونشطين
1424,30,13,110824.38,2,Casual - عملاء عاديين
1425,176,8,140740.7,1,At Risk - عملاء مش نشطين من فترة
1426,35,15,203743.75,0,VIP - عملاء بيإنفقوا كتير ونشطين
1427,4,14,151325.36000000002,2,Casual - عملاء عاديين
1428,47,14,120883.28,2,Casual - عملاء عاديين
1429,40,16,180342.26,0,VIP - عملاء بيإنفقوا كتير ونشطين
1430,37,19,201205.86,0,VIP - عملاء بيإنفقوا كتير ونشطين
1431,19,17,158888.58000000002,0,VIP - عملاء بيإنفقوا كتير ونشطين
1432,49,18,164095.76,0,VIP - عملاء بيإنفقوا كتير ونشطين
1433,58,16,152300.08,0,VIP - عملاء بيإنفقوا كتير ونشطين
1434,113,10,178885.21,1,At Risk - عملاء مش نشطين من فترة
1435,29,20,214391.79,0,VIP - عملاء بيإنفقوا كتير ونشطين
1436,89,10,91657.23,1,At Risk - عملاء مش نشطين من فترة
1437,81,19,147765.15,0,VIP - عملاء بيإنفقوا كتير ونشطين
1438,37,15,127864.51999999999,2,Casual - عملاء عاديين
1439,20,19,216629.2,0,VIP - عملاء بيإنفقوا كتير ونشطين
1440,91,17,147658.73,0,VIP - عملاء بيإنفقوا كتير ونشطين
1441,23,15,114878.98,2,Casual - عملاء عاديين
1442,2,16,106160.6,2,Casual - عملاء عاديين
1443,89,11,104568.75,1,At Risk - عملاء مش نشطين من فترة
1444,209,13,139002.78,1,At Risk - عملاء مش نشطين من فترة
1445,31,15,181204.07,0,VIP - عملاء بيإنفقوا كتير ونشطين
1446,6,17,236446.27,0,VIP - عملاء بيإنفقوا كتير ونشطين
1447,25,9,68535.65,2,Casual - عملاء عاديين
1448,38,10,136180.76,2,Casual - عملاء عاديين
1449,48,16,174358.93,0,VIP - عملاء بيإنفقوا كتير ونشطين
1450,80,12,250164.57,0,VIP - عملاء بيإنفقوا كتير ونشطين
1451,124,11,98618.3,1,At Risk - عملاء مش نشطين من فترة
1452,61,12,160370.81,2,Casual - عملاء عاديين
1453,11,13,146739.57,2,Casual - عملاء عاديين
1454,154,10,84943.51,1,At Risk - عملاء مش نشطين من فترة
1455,165,14,113324.0,1,At Risk - عملاء مش نشطين من فترة
1456,145,12,139341.78,1,At Risk - عملاء مش نشطين من فترة
1457,51,17,112135.27,2,Casual - عملاء عاديين
1458,34,20,207375.38,0,VIP - عملاء بيإنفقوا كتير ونشطين
1459,17,8,133464.43,2,Casual - عملاء عاديين
1460,92,17,200580.94999999998,0,VIP - عملاء بيإنفقوا كتير ونشطين
1461,21,9,123301.28,2,Casual - عملاء عاديين
1462,82,16,127636.93000000001,2,Casual - عملاء عاديين
1463,61,15,90826.79,2,Casual - عملاء عاديين
1464,27,17,123435.66,2,Casual - عملاء عاديين
1465,75,6,31996.83,2,Casual - عملاء عاديين
1466,63,18,225368.72,0,VIP - عملاء بيإنفقوا كتير ونشطين
1467,101,14,152546.95,1,At Risk - عملاء مش نشطين من فترة
1468,37,16,100333.16,2,Casual - عملاء عاديين
1469,147,20,304274.97000000003,0,VIP - عملاء بيإنفقوا كتير ونشطين
1470,58,15,133782.18,2,Casual - عملاء عاديين
1471,55,9,94902.64,2,Casual - عملاء عاديين
1472,56,17,213731.43,0,VIP - عملاء بيإنفقوا كتير ونشطين
1473,7,15,136467.38,2,Casual - عملاء عاديين
1474,3,26,377455.61,0,VIP - عملاء بيإنفقوا كتير ونشطين
1475,12,17,110731.06,2,Casual - عملاء عاديين
1476,22,22,233861.73,0,VIP - عملاء بيإنفقوا كتير ونشطين
1477,166,13,165702.61,1,At Risk - عملاء مش نشطين من فترة
1478,129,12,95576.37,1,At Risk - عملاء مش نشطين من فترة
1479,25,18,192731.8,0,VIP - عملاء بيإنفقوا كتير ونشطين
1480,27,16,184523.78999999998,0,VIP - عملاء بيإنفقوا كتير ونشطين
1481,60,13,131208.7,2,Casual - عملاء عاديين
1482,72,17,135877.75,0,VIP - عملاء بيإنفقوا كتير ونشطين
1483,2,11,86053.53,2,Casual - عملاء عاديين
1484,23,15,148939.82,2,Casual - عملاء عاديين
1485,69,20,161620.97,0,VIP - عملاء بيإنفقوا كتير ونشطين
1486,103,14,133172.22,1,At Risk - عملاء مش نشطين من فترة
1487,9,10,164654.43,2,Casual - عملاء عاديين
1488,45,13,172216.04,2,Casual - عملاء عاديين
1489,70,10,76309.63,2,Casual - عملاء عاديين
1490,3,17,239356.63,0,VIP - عملاء بيإنفقوا كتير ونشطين
1491,21,8,128714.48,2,Casual - عملاء عاديين
1492,128,9,59196.14,1,At Risk - عملاء مش نشطين من فترة
1493,46,10,171791.63999999998,2,Casual - عملاء عاديين
1494,50,12,126462.51999999999,2,Casual - عملاء عاديين
1495,128,15,64648.67,1,At Risk - عملاء مش نشطين من فترة
1496,15,17,198910.98,0,VIP - عملاء بيإنفقوا كتير ونشطين
1497,110,14,299555.24,0,VIP - عملاء بيإنفقوا كتير ونشطين
1498,3,21,209770.98,0,VIP - عملاء بيإنفقوا كتير ونشطين
1499,19,14,95562.55,2,Casual - عملاء عاديين
1500,88,13,157680.08000000002,2,Casual - عملاء عاديين
1501,149,9,66913.06999999999,1,At Risk - عملاء مش نشطين من فترة
1502,29,13,141360.97,2,Casual - عملاء عاديين
1503,174,11,130186.02,1,At Risk - عملاء مش نشطين من فترة
1504,69,15,203183.01,0,VIP - عملاء بيإنفقوا كتير ونشطين
1505,19,18,230460.49,0,VIP - عملاء بيإنفقوا كتير ونشطين
1506,19,13,134729.03,2,Casual - عملاء عاديين
1507,10,17,205989.28,0,VIP - عملاء بيإنفقوا كتير ونشطين
1508,174,13,138560.46,1,At Risk - عملاء مش نشطين من فترة
1509,48,12,80053.99,2,Casual - عملاء عاديين
1510,62,13,133649.56,2,Casual - عملاء عاديين
1511,20,19,281615.25,0,VIP - عملاء بيإنفقوا كتير ونشطين
1512,160,6,41809.8,1,At Risk - عملاء مش نشطين من فترة
1513,31,22,150451.36000000002,0,VIP - عملاء بيإنفقوا كتير ونشطين
1514,176,7,84457.05,1,At Risk - عملاء مش نشطين من فترة
1515,14,12,216810.11,0,VIP - عملاء بيإنفقوا كتير ونشطين
1516,63,13,111838.45,2,Casual - عملاء عاديين
1517,70,15,148599.61,2,Casual - عملاء عاديين
1518,4,16,153669.24000000002,0,VIP - عملاء بيإنفقوا كتير ونشطين
1519,35,12,91648.68,2,Casual - عملاء عاديين
1520,64,16,152265.26,0,VIP - عملاء بيإنفقوا كتير ونشطين
1521,105,10,155312.28999999998,1,At Risk - عملاء مش نشطين من فترة
1522,54,15,101339.28,2,Casual - عملاء عاديين
1523,59,9,130276.44,2,Casual - عملاء عاديين
1524,188,10,81720.41,1,At Risk - عملاء مش نشطين من فترة
1525,63,15,200974.91,0,VIP - عملاء بيإنفقوا كتير ونشطين
1526,40,12,58241.66,2,Casual - عملاء عاديين
1527,69,12,128350.43,2,Casual - عملاء عاديين
1528,146,14,117730.37999999999,1,At Risk - عملاء مش نشطين من فترة
1529,97,15,140639.51,1,At Risk - عملاء مش نشطين من فترة
1530,63,9,157552.86,2,Casual - عملاء عاديين
1531,58,16,119344.49,2,Casual - عملاء عاديين
1532,76,16,129744.72,2,Casual - عملاء عاديين
1533,18,14,162797.24,2,Casual - عملاء عاديين
1534,9,7,51820.77,2,Casual - عملاء عاديين
1535,8,18,128211.59999999999,0,VIP - عملاء بيإنفقوا كتير ونشطين
1536,174,18,164632.93,1,At Risk - عملاء مش نشطين من فترة
1537,16,17,121764.48999999999,2,Casual - عملاء عاديين
1538,145,12,128966.66,1,At Risk - عملاء مش نشطين من فترة
1539,111,18,220037.54,0,VIP - عملاء بيإنفقوا كتير ونشطين
1540,50,16,148080.81,2,Casual - عملاء عاديين
1541,19,12,113026.38,2,Casual - عملاء عاديين
1542,28,19,181934.97,0,VIP - عملاء بيإنفقوا كتير ونشطين
1543,2,18,100228.81,2,Casual - عملاء عاديين
1544,53,12,62877.98,2,Casual - عملاء عاديين
1545,61,19,224769.5,0,VIP - عملاء بيإنفقوا كتير ونشطين
1546,176,12,255001.41999999998,1,At Risk - عملاء مش نشطين من فترة
1547,41,17,139139.66999999998,0,VIP - عملاء بيإنفقوا كتير ونشطين
1548,47,9,173079.74,2,Casual - عملاء عاديين
1549,36,20,143637.56,0,VIP - عملاء بيإنفقوا كتير ونشطين
1550,27,16,176542.78,0,VIP - عملاء بيإنفقوا كتير ونشطين
1551,32,22,242656.52,0,VIP - عملاء بيإنفقوا كتير ونشطين
1552,41,18,204683.98,0,VIP - عملاء بيإنفقوا كتير ونشطين
1553,15,17,229300.86,0,VIP - عملاء بيإنفقوا كتير ونشطين
1554,24,21,176226.61000000002,0,VIP - عملاء بيإنفقوا كتير ونشطين
1555,141,11,177918.69,1,At Risk - عملاء مش نشطين من فترة
1556,53,9,107102.09,2,Casual - عملاء عاديين
1557,173,10,199104.87,1,At Risk - عملاء مش نشطين من فترة
1558,8,15,116520.31,2,Casual - عملاء عاديين
1559,149,10,258484.30000000002,1,At Risk - عملاء مش نشطين من فترة
1560,31,13,102604.52,2,Casual - عملاء عاديين
1561,34,15,143071.52,2,Casual - عملاء عاديين
1562,5,18,179157.76,0,VIP - عملاء بيإنفقوا كتير ونشطين
1563,10,17,188575.13999999998,0,VIP - عملاء بيإنفقوا كتير ونشطين
1564,157,10,117959.64,1,At Risk - عملاء مش نشطين من فترة
1565,2,24,308925.49,0,VIP - عملاء بيإنفقوا كتير ونشطين
1566,154,16,136796.44,1,At Risk - عملاء مش نشطين من فترة
1567,70,16,272004.3,0,VIP - عملاء بيإنفقوا كتير ونشطين
1568,142,11,43225.909999999996,1,At Risk - عملاء مش نشطين من فترة
1569,12,16,130710.03,2,Casual - عملاء عاديين
1570,152,14,129431.65,1,At Risk - عملاء مش نشطين من فترة
1571,90,13,145188.32,1,At Risk - عملاء مش نشطين من فترة
1572,76,10,151630.63999999998,2,Casual - عملاء عاديين
1573,14,10,83776.28,2,Casual - عملاء عاديين
1574,16,8,28686.53,2,Casual - عملاء عاديين
1575,127,11,122886.49,1,At Risk - عملاء مش نشطين من فترة
1576,105,19,265201.93,0,VIP - عملاء بيإنفقوا كتير ونشطين
1577,18,12,73504.4,2,Casual - عملاء عاديين
1578,8,10,60129.079999999994,2,Casual - عملاء عاديين
1579,36,13,92974.51999999999,2,Casual - عملاء عاديين
1580,105,12,63225.07,1,At Risk - عملاء مش نشطين من فترة
1581,69,11,66176.15,2,Casual - عملاء عاديين
1582,28,16,163355.62,0,VIP - عملاء بيإنفقوا كتير ونشطين
1583,26,20,259249.88999999998,0,VIP - عملاء بيإنفقوا كتير ونشطين
1584,176,4,93104.0,1,At Risk - عملاء مش نشطين من فترة
1585,57,9,89593.48999999999,2,Casual - عملاء عاديين
1586,33,14,224548.12,0,VIP - عملاء بيإنفقوا كتير ونشطين
1587,93,13,286210.3,0,VIP - عملاء بيإنفقوا كتير ونشطين
1588,103,6,29813.59,1,At Risk - عملاء مش نشطين من فترة
1589,24,15,171385.34,0,VIP - عملاء بيإنفقوا كتير ونشطين
1590,30,13,72505.23,2,Casual - عملاء عاديين
1591,5,16,274234.91,0,VIP - عملاء بيإنفقوا كتير ونشطين
1592,60,17,147763.21,0,VIP - عملاء بيإنفقوا كتير ونشطين
1593,13,20,179934.84,0,VIP - عملاء بيإنفقوا كتير ونشطين
1594,10,16,125497.11,2,Casual - عملاء عاديين
1595,75,18,139549.08,0,VIP - عملاء بيإنفقوا كتير ونشطين
1596,6,15,145001.03,2,Casual - عملاء عاديين
1597,19,24,291835.35,0,VIP - عملاء بيإنفقوا كتير ونشطين
1598,154,10,80407.44,1,At Risk - عملاء مش نشطين من فترة
1599,7,18,195840.52,0,VIP - عملاء بيإنفقوا كتير ونشطين
1600,15,13,162280.99,2,Casual - عملاء عاديين
1601,20,14,149302.39,2,Casual - عملاء عاديين
1602,128,9,57798.23,1,At Risk - عملاء مش نشطين من فترة
1603,137,11,78506.91,1,At Risk - عملاء مش نشطين من فترة
1604,54,13,103635.28,2,Casual - عملاء عاديين
1605,36,13,170056.19999999998,2,Casual - عملاء عاديين
1606,123,15,267849.32,0,VIP - عملاء بيإنفقوا كتير ونشطين
1607,26,23,312481.64,0,VIP - عملاء بيإنفقوا كتير ونشطين
1608,8,11,88407.82,2,Casual - عملاء عاديين
1609,15,14,166420.11,2,Casual - عملاء عاديين
1610,122,12,97402.91,1,At Risk - عملاء مش نشطين من فترة
1611,11,7,26414.23,2,Casual - عملاء عاديين
1612,71,8,99925.55,2,Casual - عملاء عاديين
1613,65,18,112553.11,2,Casual - عملاء عاديين
1614,30,16,209808.91,0,VIP - عملاء بيإنفقوا كتير ونشطين
1615,10,18,201051.76,0,VIP - عملاء بيإنفقوا كتير ونشطين
1616,32,16,243066.83,0,VIP - عملاء بيإنفقوا كتير ونشطين
1617,38,11,102935.97,2,Casual - عملاء عاديين
1618,105,10,140859.56,1,At Risk - عملاء مش نشطين من فترة
1619,6,16,285511.49,0,VIP - عملاء بيإنفقوا كتير ونشطين
1620,4,18,181623.54,0,VIP - عملاء بيإنفقوا كتير ونشطين
1621,2,15,208599.82,0,VIP - عملاء بيإنفقوا كتير ونشطين
1622,174,12,88654.62,1,At Risk - عملاء مش نشطين من فترة
1623,13,14,84894.33,2,Casual - عملاء عاديين
1624,61,9,177316.61,2,Casual - عملاء عاديين
1625,118,16,84906.51,1,At Risk - عملاء مش نشطين من فترة
1626,26,6,42137.78,2,Casual - عملاء عاديين
1627,44,16,192272.72,0,VIP - عملاء بيإنفقوا كتير ونشطين
1628,9,20,123944.95999999999,0,VIP - عملاء بيإنفقوا كتير ونشطين
1629,40,10,93066.79,2,Casual - عملاء عاديين
1630,124,15,269792.13,0,VIP - عملاء بيإنفقوا كتير ونشطين
1631,13,15,187196.73,0,VIP - عملاء بيإنفقوا كتير ونشطين
1632,72,15,227452.29,0,VIP - عملاء بيإنفقوا كتير ونشطين
1633,48,12,75096.15,2,Casual - عملاء عاديين
1634,81,14,115330.61,2,Casual - عملاء عاديين
1635,197,5,76897.53,1,At Risk - عملاء مش نشطين من فترة
1636,14,19,244164.35,0,VIP - عملاء بيإنفقوا كتير ونشطين
1637,81,15,102835.43000000001,2,Casual - عملاء عاديين
1638,56,17,149197.36,0,VIP - عملاء بيإنفقوا كتير ونشطين
1639,115,12,154674.54,1,At Risk - عملاء مش نشطين من فترة
1640,37,23,225298.11,0,VIP - عملاء بيإنفقوا كتير ونشطين
1641,30,15,169002.86000000002,0,VIP - عملاء بيإنفقوا كتير ونشطين
1642,2,19,134599.74,0,VIP - عملاء بيإنفقوا كتير ونشطين
1643,9,14,168306.58,2,Casual - عملاء عاديين
1644,61,14,189853.19,0,VIP - عملاء بيإنفقوا كتير ونشطين
1645,71,19,221161.32,0,VIP - عملاء بيإنفقوا كتير ونشطين
1646,58,10,148627.84,2,Casual - عملاء عاديين
1647,23,13,184173.42,2,Casual - عملاء عاديين
1648,89,6,59430.090000000004,1,At Risk - عملاء مش نشطين من فترة
1649,6,15,216641.21,0,VIP - عملاء بيإنفقوا كتير ونشطين
1650,39,11,92102.63,2,Casual - عملاء عاديين
1651,79,19,215173.61,0,VIP - عملاء بيإنفقوا كتير ونشطين
1652,76,13,113855.9,2,Casual - عملاء عاديين
1653,31,20,210551.36000000002,0,VIP - عملاء بيإنفقوا كتير ونشطين
1654,83,17,154383.48,0,VIP - عملاء بيإنفقوا كتير ونشطين
1655,7,21,165706.2,0,VIP - عملاء بيإنفقوا كتير ونشطين
1656,72,11,96987.17,2,Casual - عملاء عاديين
1657,26,13,142758.84,2,Casual - عملاء عاديين
1658,3,11,171043.36,2,Casual - عملاء عاديين
1659,29,16,132928.57,2,Casual - عملاء عاديين
1660,20,18,244705.48,0,VIP - عملاء بيإنفقوا كتير ونشطين
1661,71,16,238884.09,0,VIP - عملاء بيإنفقوا كتير ونشطين
1662,23,10,71286.05,2,Casual - عملاء عاديين
1663,3,19,247000.06999999998,0,VIP - عملاء بيإنفقوا كتير ونشطين
1664,178,12,95221.75,1,At Risk - عملاء مش نشطين من فترة
1665,43,12,133581.48,2,Casual - عملاء عاديين
1666,2,14,183630.84,0,VIP - عملاء بيإنفقوا كتير ونشطين
1667,23,16,153045.46,0,VIP - عملاء بيإنفقوا كتير ونشطين
1668,14,14,162776.38,2,Casual - عملاء عاديين
1669,53,16,144746.15,2,Casual - عملاء عاديين
1670,97,12,54859.46,1,At Risk - عملاء مش نشطين من فترة
1671,6,14,110145.06,2,Casual - عملاء عاديين
1672,51,15,131142.76,2,Casual - عملاء عاديين
1673,111,13,148149.06,1,At Risk - عملاء مش نشطين من فترة
1674,14,15,128149.75,2,Casual - عملاء عاديين
1675,19,14,129265.20999999999,2,Casual - عملاء عاديين
1676,69,22,343628.5,0,VIP - عملاء بيإنفقوا كتير ونشطين
1677,75,8,121661.1,2,Casual - عملاء عاديين
1678,5,13,97484.31,2,Casual - عملاء عاديين
1679,29,16,128648.81999999999,2,Casual - عملاء عاديين
1680,22,13,64540.99,2,Casual - عملاء عاديين
1681,29,14,218367.16,0,VIP - عملاء بيإنفقوا كتير ونشطين
1682,8,19,190859.0,0,VIP - عملاء بيإنفقوا كتير ونشطين
1683,70,12,130442.47,2,Casual - عملاء عاديين
1684,72,22,233517.68,0,VIP - عملاء بيإنفقوا كتير ونشطين
1685,23,10,180190.63,2,Casual - عملاء عاديين
1686,99,16,255653.23,0,VIP - عملاء بيإنفقوا كتير ونشطين
1687,4,23,313583.24,0,VIP - عملاء بيإنفقوا كتير ونشطين
1688,69,11,96236.87,2,Casual - عملاء عاديين
1689,64,12,136528.62,2,Casual - عملاء عاديين
1690,14,28,236607.08,0,VIP - عملاء بيإنفقوا كتير ونشطين
1691,20,14,215510.85,0,VIP - عملاء بيإنفقوا كتير ونشطين
1692,82,15,136074.04,2,Casual - عملاء عاديين
1693,69,7,72046.54,2,Casual - عملاء عاديين
1694,76,19,192590.26,0,VIP - عملاء بيإنفقوا كتير ونشطين
1695,8,11,127637.9,2,Casual - عملاء عاديين
1696,123,18,207886.37,0,VIP - عملاء بيإنفقوا كتير ونشطين
1697,22,8,86998.20999999999,2,Casual - عملاء عاديين
1698,32,16,175542.8,0,VIP - عملاء بيإنفقوا كتير ونشطين
1699,86,18,243368.43000000002,0,VIP - عملاء بيإنفقوا كتير ونشطين
1700,10,18,184462.41999999998,0,VIP - عملاء بيإنفقوا كتير ونشطين
1701,114,13,131412.84,1,At Risk - عملاء مش نشطين من فترة
1702,30,13,95533.8,2,Casual - عملاء عاديين
1703,84,12,115456.11,2,Casual - عملاء عاديين
1704,8,13,123357.45,2,Casual - عملاء عاديين
1705,85,13,234607.09,0,VIP - عملاء بيإنفقوا كتير ونشطين
1706,18,12,151577.09,2,Casual - عملاء عاديين
1707,230,16,112262.77,1,At Risk - عملاء مش نشطين من فترة
1708,1,19,195558.89,0,VIP - عملاء بيإنفقوا كتير ونشطين
1709,59,15,178846.94,0,VIP - عملاء بيإنفقوا كتير ونشطين
1710,13,19,272635.13,0,VIP - عملاء بيإنفقوا كتير ونشطين
1711,54,9,112452.2,2,Casual - عملاء عاديين
1712,29,12,125940.59999999999,2,Casual - عملاء عاديين
1713,99,8,58527.26,1,At Risk - عملاء مش نشطين من فترة
1714,16,18,209139.83000000002,0,VIP - عملاء بيإنفقوا كتير ونشطين
1715,47,14,139271.9,2,Casual - عملاء عاديين
1716,48,17,138398.88999999998,0,VIP - عملاء بيإنفقوا كتير ونشطين
1717,19,17,251847.26,0,VIP - عملاء بيإنفقوا كتير ونشطين
1718,82,10,83127.93000000001,2,Casual - عملاء عاديين
1719,128,11,67550.57,1,At Risk - عملاء مش نشطين من فترة
1720,26,9,74675.87,2,Casual - عملاء عاديين
1721,13,22,288902.84,0,VIP - عملاء بيإنفقوا كتير ونشطين
1722,44,10,65355.43,2,Casual - عملاء عاديين
1723,103,9,122375.84,1,At Risk - عملاء مش نشطين من فترة
1724,67,17,204734.57,0,VIP - عملاء بيإنفقوا كتير ونشطين
1725,62,15,156329.77000000002,2,Casual - عملاء عاديين
1726,47,15,116572.29,2,Casual - عملاء عاديين
1727,25,19,182016.48,0,VIP - عملاء بيإنفقوا كتير ونشطين
1728,5,14,106673.9,2,Casual - عملاء عاديين
1729,10,19,268730.15,0,VIP - عملاء بيإنفقوا كتير ونشطين
1730,66,16,194878.41999999998,0,VIP - عملاء بيإنفقوا كتير ونشطين
1731,15,10,172169.15,2,Casual - عملاء عاديين
1732,4,12,126018.49,2,Casual - عملاء عاديين
1733,63,8,46439.43,2,Casual - عملاء عاديين
1734,33,13,89333.52,2,Casual - عملاء عاديين
1735,30,22,263004.95,0,VIP - عملاء بيإنفقوا كتير ونشطين
1736,154,13,280822.0,1,At Risk - عملاء مش نشطين من فترة
1737,23,15,124530.76000000001,2,Casual - عملاء عاديين
1738,19,18,230778.7,0,VIP - عملاء بيإنفقوا كتير ونشطين
1739,29,21,227995.04,0,VIP - عملاء بيإنفقوا كتير ونشطين
1740,9,18,256074.57,0,VIP - عملاء بيإنفقوا كتير ونشطين
1741,46,10,175727.21,2,Casual - عملاء عاديين
1742,96,11,76732.5,1,At Risk - عملاء مش نشطين من فترة
1743,80,10,136902.24,2,Casual - عملاء عاديين
1744,167,13,169909.46,1,At Risk - عملاء مش نشطين من فترة
1745,26,14,170515.65,2,Casual - عملاء عاديين
1746,42,16,270604.8,0,VIP - عملاء بيإنفقوا كتير ونشطين
1747,1,14,167948.41,2,Casual - عملاء عاديين
1748,101,16,217140.15,0,VIP - عملاء بيإنفقوا كتير ونشطين
1749,85,17,277889.38,0,VIP - عملاء بيإنفقوا كتير ونشطين
1750,5,18,190133.13999999998,0,VIP - عملاء بيإنفقوا كتير ونشطين
1751,8,14,205418.6,0,VIP - عملاء بيإنفقوا كتير ونشطين
1752,90,19,156895.01,0,VIP - عملاء بيإنفقوا كتير ونشطين
1753,5,18,187496.34,0,VIP - عملاء بيإنفقوا كتير ونشطين
1754,164,10,108295.79,1,At Risk - عملاء مش نشطين من فترة
1755,28,16,189276.76,0,VIP - عملاء بيإنفقوا كتير ونشطين
1756,8,17,220381.05,0,VIP - عملاء بيإنفقوا كتير ونشطين
1757,98,12,107170.61,1,At Risk - عملاء مش نشطين من فترة
1758,30,20,251081.13,0,VIP - عملاء بيإنفقوا كتير ونشطين
1759,52,18,133029.38,0,VIP - عملاء بيإنفقوا كتير ونشطين
1760,34,8,54563.52,2,Casual - عملاء عاديين
1761,45,15,290474.84,0,VIP - عملاء بيإنفقوا كتير ونشطين
1762,82,16,108605.31,2,Casual - عملاء عاديين
1763,4,13,67568.7,2,Casual - عملاء عاديين
1764,118,15,186997.43,1,At Risk - عملاء مش نشطين من فترة
1765,2,10,105796.48,2,Casual - عملاء عاديين
1766,107,19,207186.21,0,VIP - عملاء بيإنفقوا كتير ونشطين
1767,2,12,144518.71,2,Casual - عملاء عاديين
1768,6,15,172926.68,0,VIP - عملاء بيإنفقوا كتير ونشطين
1769,27,13,85956.49,2,Casual - عملاء عاديين
1770,42,21,238409.58,0,VIP - عملاء بيإنفقوا كتير ونشطين
1771,155,14,93816.4,1,At Risk - عملاء مش نشطين من فترة
1772,53,10,108810.36,2,Casual - عملاء عاديين
1773,141,12,133978.22,1,At Risk - عملاء مش نشطين من فترة
1774,60,17,170790.87,0,VIP - عملاء بيإنفقوا كتير ونشطين
1775,57,6,88286.92,2,Casual - عملاء عاديين
1776,25,11,114058.16,2,Casual - عملاء عاديين
1777,62,13,79733.53,2,Casual - عملاء عاديين
1778,68,24,229051.24,0,VIP - عملاء بيإنفقوا كتير ونشطين
1779,131,12,114366.06,1,At Risk - عملاء مش نشطين من فترة
1780,62,14,248571.03,0,VIP - عملاء بيإنفقوا كتير ونشطين
1781,29,15,93209.52,2,Casual - عملاء عاديين
1782,10,8,86135.92,2,Casual - عملاء عاديين
1783,4,15,77088.7,2,Casual - عملاء عاديين
1784,13,13,150472.12,2,Casual - عملاء عاديين
1785,19,13,139023.38,2,Casual - عملاء عاديين
1786,78,11,115980.01,2,Casual - عملاء عاديين
1787,9,13,93322.65000000001,2,Casual - عملاء عاديين
1788,107,16,165132.38999999998,1,At Risk - عملاء مش نشطين من فترة
1789,88,15,123669.46,2,Casual - عملاء عاديين
1790,85,14,185873.85,0,VIP - عملاء بيإنفقوا كتير ونشطين
1791,71,12,139762.38,2,Casual - عملاء عاديين
1792,110,17,233940.99,0,VIP - عملاء بيإنفقوا كتير ونشطين
1793,114,13,161269.24,1,At Risk - عملاء مش نشطين من فترة
1794,19,14,186009.21,0,VIP - عملاء بيإنفقوا كتير ونشطين
1795,57,11,103040.52,2,Casual - عملاء عاديين
1796,153,16,118850.98999999999,1,At Risk - عملاء مش نشطين من فترة
1797,11,8,81501.37,2,Casual - عملاء عاديين
1798,58,15,113371.19,2,Casual - عملاء عاديين
1799,1,15,169358.2,0,VIP - عملاء بيإنفقوا كتير ونشطين
1800,61,11,153736.02,2,Casual - عملاء عاديين
1801,71,12,118295.03,2,Casual - عملاء عاديين
1802,187,15,153478.71,1,At Risk - عملاء مش نشطين من فترة
1803,15,12,289141.66,0,VIP - عملاء بيإنفقوا كتير ونشطين
1804,95,18,196868.25,0,VIP - عملاء بيإنفقوا كتير ونشطين
1805,128,9,84282.96,1,At Risk - عملاء مش نشطين من فترة
1806,14,11,139836.45,2,Casual - عملاء عاديين
1807,12,23,369808.82,0,VIP - عملاء بيإنفقوا كتير ونشطين
1808,15,18,165165.63,0,VIP - عملاء بيإنفقوا كتير ونشطين
1809,21,16,256800.42,0,VIP - عملاء بيإنفقوا كتير ونشطين
1810,98,14,164777.51,1,At Risk - عملاء مش نشطين من فترة
1811,35,19,146533.45,0,VIP - عملاء بيإنفقوا كتير ونشطين
1812,39,18,201286.26,0,VIP - عملاء بيإنفقوا كتير ونشطين
1813,8,15,116405.46,2,Casual - عملاء عاديين
1814,19,13,134091.12,2,Casual - عملاء عاديين
1815,93,14,129934.84999999999,1,At Risk - عملاء مش نشطين من فترة
1816,87,15,105323.4,2,Casual - عملاء عاديين
1817,57,18,129505.02,0,VIP - عملاء بيإنفقوا كتير ونشطين
1818,58,13,187404.91,2,Casual - عملاء عاديين
1819,20,11,100220.38,2,Casual - عملاء عاديين
1820,34,17,219481.32,0,VIP - عملاء بيإنفقوا كتير ونشطين
1821,86,10,111018.97,1,At Risk - عملاء مش نشطين من فترة
1822,3,16,222997.78,0,VIP - عملاء بيإنفقوا كتير ونشطين
1823,76,11,82146.88,2,Casual - عملاء عاديين
1824,41,13,107888.33,2,Casual - عملاء عاديين
1825,57,19,232961.36000000002,0,VIP - عملاء بيإنفقوا كتير ونشطين
1826,135,10,58247.09,1,At Risk - عملاء مش نشطين من فترة
1827,33,17,182594.96,0,VIP - عملاء بيإنفقوا كتير ونشطين
1828,137,14,167633.91999999998,1,At Risk - عملاء مش نشطين من فترة
1829,27,12,75457.45,2,Casual - عملاء عاديين
1830,1,9,72660.61,2,Casual - عملاء عاديين
1831,4,16,186825.66,0,VIP - عملاء بيإنفقوا كتير ونشطين
1832,1,13,128096.31999999999,2,Casual - عملاء عاديين
1833,17,15,231239.43,0,VIP - عملاء بيإنفقوا كتير ونشطين
1834,69,15,173799.53,0,VIP - عملاء بيإنفقوا كتير ونشطين
1835,43,15,163533.6,2,Casual - عملاء عاديين
1836,25,14,138674.27,2,Casual - عملاء عاديين
1837,104,14,152799.97,1,At Risk - عملاء مش نشطين من فترة
1838,34,19,199288.36,0,VIP - عملاء بيإنفقوا كتير ونشطين
1839,67,18,178481.74,0,VIP - عملاء بيإنفقوا كتير ونشطين
1840,2,15,88338.76999999999,2,Casual - عملاء عاديين
1841,16,16,198797.65,0,VIP - عملاء بيإنفقوا كتير ونشطين
1842,58,15,183098.43,0,VIP - عملاء بيإنفقوا كتير ونشطين
1843,49,9,96398.8,2,Casual - عملاء عاديين
1844,4,12,180323.63999999998,2,Casual - عملاء عاديين
1845,5,10,119305.72,2,Casual - عملاء عاديين
1846,5,9,91546.77,2,Casual - عملاء عاديين
1847,5,22,201697.5,0,VIP - عملاء بيإنفقوا كتير ونشطين
1848,2,18,161415.36,0,VIP - عملاء بيإنفقوا كتير ونشطين
1849,111,17,239185.44,0,VIP - عملاء بيإنفقوا كتير ونشطين
1850,99,11,100716.0,1,At Risk - عملاء مش نشطين من فترة
1851,20,10,40159.5,2,Casual - عملاء عاديين
1852,196,10,163126.87,1,At Risk - عملاء مش نشطين من فترة
1853,41,18,242670.41,0,VIP - عملاء بيإنفقوا كتير ونشطين
1854,30,13,130783.44,2,Casual - عملاء عاديين
1855,15,16,256055.72,0,VIP - عملاء بيإنفقوا كتير ونشطين
1856,4,12,100231.71,2,Casual - عملاء عاديين
1857,15,12,77853.83,2,Casual - عملاء عاديين
1858,28,13,172847.15,2,Casual - عملاء عاديين
1859,56,13,134348.19,2,Casual - عملاء عاديين
1860,8,19,245295.05,0,VIP - عملاء بيإنفقوا كتير ونشطين
1861,32,15,128344.39,2,Casual - عملاء عاديين
1862,65,10,128982.12,2,Casual - عملاء عاديين
1863,3,21,126732.82,0,VIP - عملاء بيإنفقوا كتير ونشطين
1864,73,10,159687.13,2,Casual - عملاء عاديين
1865,95,14,190292.69,0,VIP - عملاء بيإنفقوا كتير ونشطين
1866,54,14,171974.6,2,Casual - عملاء عاديين
1867,82,12,131434.45,2,Casual - عملاء عاديين
1868,8,16,231820.07,0,VIP - عملاء بيإنفقوا كتير ونشطين
1869,68,14,193361.77,0,VIP - عملاء بيإنفقوا كتير ونشطين
1870,59,15,168721.73,0,VIP - عملاء بيإنفقوا كتير ونشطين
1871,41,18,227560.28,0,VIP - عملاء بيإنفقوا كتير ونشطين
1872,62,14,159011.78,2,Casual - عملاء عاديين
1873,194,9,122873.45999999999,1,At Risk - عملاء مش نشطين من فترة
1874,33,11,97659.55,2,Casual - عملاء عاديين
1875,19,18,192082.55,0,VIP - عملاء بيإنفقوا كتير ونشطين
1876,1,14,93408.61,2,Casual - عملاء عاديين
1877,64,11,102893.84999999999,2,Casual - عملاء عاديين
1878,68,6,110103.73,2,Casual - عملاء عاديين
1879,75,12,200112.63999999998,2,Casual - عملاء عاديين
1880,27,15,258160.78,0,VIP - عملاء بيإنفقوا كتير ونشطين
1881,8,14,137012.8,2,Casual - عملاء عاديين
1882,2,17,130194.25,2,Casual - عملاء عاديين
1883,28,6,82883.48,2,Casual - عملاء عاديين
1884,5,9,64633.64,2,Casual - عملاء عاديين
1885,13,20,330988.08999999997,0,VIP - عملاء بيإنفقوا كتير ونشطين
1886,174,16,214551.72999999998,1,At Risk - عملاء مش نشطين من فترة
1887,128,19,218842.6,0,VIP - عملاء بيإنفقوا كتير ونشطين
1888,18,20,267265.11,0,VIP - عملاء بيإنفقوا كتير ونشطين
1889,24,19,240388.49,0,VIP - عملاء بيإنفقوا كتير ونشطين
1890,170,15,317093.49,0,VIP - عملاء بيإنفقوا كتير ونشطين
1891,25,14,122405.08,2,Casual - عملاء عاديين
1892,13,14,198615.43,0,VIP - عملاء بيإنفقوا كتير ونشطين
1893,34,13,183165.47,2,Casual - عملاء عاديين
1894,30,20,201193.61,0,VIP - عملاء بيإنفقوا كتير ونشطين
1895,6,8,86790.06,2,Casual - عملاء عاديين
1896,18,21,255648.71,0,VIP - عملاء بيإنفقوا كتير ونشطين
1897,4,10,97735.19,2,Casual - عملاء عاديين
1898,52,17,248909.36,0,VIP - عملاء بيإنفقوا كتير ونشطين
1899,180,17,225963.59,1,At Risk - عملاء مش نشطين من فترة
1900,4,14,173281.78,2,Casual - عملاء عاديين
1901,18,16,141850.04,2,Casual - عملاء عاديين
1902,77,16,97733.03,2,Casual - عملاء عاديين
1903,49,14,205621.94,0,VIP - عملاء بيإنفقوا كتير ونشطين
1904,27,14,146674.27,2,Casual - عملاء عاديين
1905,45,11,138503.81,2,Casual - عملاء عاديين
1906,15,21,148848.34,0,VIP - عملاء بيإنفقوا كتير ونشطين
1907,18,15,233604.93,0,VIP - عملاء بيإنفقوا كتير ونشطين
1908,6,21,276479.19,0,VIP - عملاء بيإنفقوا كتير ونشطين
1909,9,13,79649.51,2,Casual - عملاء عاديين
1910,27,13,205465.5,0,VIP - عملاء بيإنفقوا كتير ونشطين
1911,54,19,129085.51,0,VIP - عملاء بيإنفقوا كتير ونشطين
1912,13,17,139867.68,0,VIP - عملاء بيإنفقوا كتير ونشطين
1913,42,13,131503.27,2,Casual - عملاء عاديين
1914,19,15,135342.79,2,Casual - عملاء عاديين
1915,8,12,128825.25,2,Casual - عملاء عاديين
1916,68,17,202869.12,0,VIP - عملاء بيإنفقوا كتير ونشطين
1917,110,19,139422.86000000002,0,VIP - عملاء بيإنفقوا كتير ونشطين
1918,80,12,149737.11000000002,2,Casual - عملاء عاديين
1919,80,15,151692.81,2,Casual - عملاء عاديين
1920,172,14,176989.38,1,At Risk - عملاء مش نشطين من فترة
1921,101,14,120547.36,1,At Risk - عملاء مش نشطين من فترة
1922,100,10,49632.88,1,At Risk - عملاء مش نشطين من فترة
1923,9,12,150876.78,2,Casual - عملاء عاديين
1924,125,8,35704.28,1,At Risk - عملاء مش نشطين من فترة
1925,6,14,95808.79,2,Casual - عملاء عاديين
1926,6,17,155218.26,0,VIP - عملاء بيإنفقوا كتير ونشطين
1927,27,15,109933.11,2,Casual - عملاء عاديين
1928,28,14,126254.31999999999,2,Casual - عملاء عاديين
1929,174,13,91349.23,1,At Risk - عملاء مش نشطين من فترة
1930,68,17,124443.40000000001,2,Casual - عملاء عاديين
1931,38,18,208965.36,0,VIP - عملاء بيإنفقوا كتير ونشطين
1932,20,14,147433.91,2,Casual - عملاء عاديين
1933,82,17,216953.72,0,VIP - عملاء بيإنفقوا كتير ونشطين
1934,96,14,90752.67,1,At Risk - عملاء مش نشطين من فترة
1935,22,9,63271.2,2,Casual - عملاء عاديين
1936,91,16,142039.91,2,Casual - عملاء عاديين
1937,7,21,235609.8,0,VIP - عملاء بيإنفقوا كتير ونشطين
1938,190,11,81613.19,1,At Risk - عملاء مش نشطين من فترة
1939,13,16,91317.24,2,Casual - عملاء عاديين
1940,104,12,228970.98,1,At Risk - عملاء مش نشطين من فترة
1941,19,16,249034.97,0,VIP - عملاء بيإنفقوا كتير ونشطين
1942,28,18,116760.86,2,Casual - عملاء عاديين
1943,203,9,140153.96,1,At Risk - عملاء مش نشطين من فترة
1944,143,15,167334.3,1,At Risk - عملاء مش نشطين من فترة
1945,58,10,58076.94,2,Casual - عملاء عاديين
1946,12,16,310118.92,0,VIP - عملاء بيإنفقوا كتير ونشطين
1947,150,5,77447.38,1,At Risk - عملاء مش نشطين من فترة
1948,126,11,61201.27,1,At Risk - عملاء مش نشطين من فترة
1949,90,11,107266.45,1,At Risk - عملاء مش نشطين من فترة
1950,67,11,121817.76999999999,2,Casual - عملاء عاديين
1951,12,16,100968.24,2,Casual - عملاء عاديين
1952,11,17,241122.45,0,VIP - عملاء بيإنفقوا كتير ونشطين
1953,161,12,105070.21,1,At Risk - عملاء مش نشطين من فترة
1954,93,17,135894.24,0,VIP - عملاء بيإنفقوا كتير ونشطين
1955,41,18,190396.71,0,VIP - عملاء بيإنفقوا كتير ونشطين
1956,91,12,119497.5,1,At Risk - عملاء مش نشطين من فترة
1957,41,15,142859.12,2,Casual - عملاء عاديين
1958,5,12,152947.26,2,Casual - عملاء عاديين
1959,78,11,104334.33,2,Casual - عملاء عاديين
1960,24,25,346299.17,0,VIP - عملاء بيإنفقوا كتير ونشطين
1961,12,15,195441.88,0,VIP - عملاء بيإنفقوا كتير ونشطين
1962,26,15,125749.83,2,Casual - عملاء عاديين
1963,35,27,270367.59,0,VIP - عملاء بيإنفقوا كتير ونشطين
1964,2,20,183147.37,0,VIP - عملاء بيإنفقوا كتير ونشطين
1965,27,13,158066.47,2,Casual - عملاء عاديين
1966,34,14,174776.95,2,Casual - عملاء عاديين
1967,79,13,132730.16999999998,2,Casual - عملاء عاديين
1968,28,16,171232.61,0,VIP - عملاء بيإنفقوا كتير ونشطين
1969,18,14,245264.46,0,VIP - عملاء بيإنفقوا كتير ونشطين
1970,33,18,258341.0,0,VIP - عملاء بيإنفقوا كتير ونشطين
1971,36,14,210041.37,0,VIP - عملاء بيإنفقوا كتير ونشطين
1972,45,23,157902.22,0,VIP - عملاء بيإنفقوا كتير ونشطين
1973,83,16,122582.4,2,Casual - عملاء عاديين
1974,1,13,81264.58,2,Casual - عملاء عاديين
1975,86,15,188937.03,0,VIP - عملاء بيإنفقوا كتير ونشطين
1976,133,14,116226.03,1,At Risk - عملاء مش نشطين من فترة
1977,25,16,296290.52,0,VIP - عملاء بيإنفقوا كتير ونشطين
1978,67,14,204584.28999999998,0,VIP - عملاء بيإنفقوا كتير ونشطين
1979,184,7,92887.27,1,At Risk - عملاء مش نشطين من فترة
1980,80,12,113129.06,2,Casual - عملاء عاديين
1981,59,14,129016.69,2,Casual - عملاء عاديين
1982,6,15,142746.76,2,Casual - عملاء عاديين
1983,33,10,130882.39,2,Casual - عملاء عاديين
1984,5,13,113194.94,2,Casual - عملاء عاديين
1985,12,15,184803.13,0,VIP - عملاء بيإنفقوا كتير ونشطين
1986,28,15,180346.24,0,VIP - عملاء بيإنفقوا كتير ونشطين
1987,35,11,110043.09,2,Casual - عملاء عاديين
1988,28,16,108213.86,2,Casual - عملاء عاديين
1989,37,16,305879.41,0,VIP - عملاء بيإنفقوا كتير ونشطين
1990,2,13,109636.35,2,Casual - عملاء عاديين
1991,62,13,161205.71,2,Casual - عملاء عاديين
1992,55,12,182958.8,2,Casual - عملاء عاديين
1993,6,18,166720.09,0,VIP - عملاء بيإنفقوا كتير ونشطين
1994,19,21,179309.81,0,VIP - عملاء بيإنفقوا كتير ونشطين
1995,17,15,147925.11,2,Casual - عملاء عاديين
1996,51,12,70884.08,2,Casual - عملاء عاديين
1997,14,12,87142.51,2,Casual - عملاء عاديين
1998,18,19,225005.08000000002,0,VIP - عملاء بيإنفقوا كتير ونشطين
1999,48,14,190577.4,0,VIP - عملاء بيإنفقوا كتير ونشطين
2000,17,14,167315.02000000002,2,Casual - عملاء عاديين
